Date,vwretx,vwindx
20091231,-0.008875,1004.186
20100104,0.016977,1021.234
20100105,0.00339,1024.697
20100106,0.001655,1026.393
20100107,0.002967,1029.438
20100108,0.004158,1033.719
20100111,0.001097,1034.854
20100112,-0.011031,1023.438
20100113,0.008635,1032.276
20100114,0.002335,1034.686
20100115,-0.011424,1022.866
20100119,0.012125,1035.268
20100120,-0.011039,1023.84
20100121,-0.017789,1005.627
20100122,-0.021285,984.2224
20100125,0.003844,988.0059
20100126,-0.00484,983.2243
20100127,0.004249,987.4025
20100128,-0.011552,975.996
20100129,-0.010376,965.8693
20100201,0.015071,980.4257
20100202,0.012349,992.5333
20100203,-0.005248,987.3242
20100204,-0.032133,955.5982
20100205,0.002798,958.2724
20100208,-0.008492,950.1347
20100209,0.013818,963.2641
20100210,-0.001741,961.5875
20100211,0.011997,973.1236
20100212,-0.000728,972.4155
20100216,0.017943,989.8638
20100217,0.004574,994.3912
20100218,0.006161,1000.517
20100219,0.002497,1003.015
20100222,-0.001187,1001.825
20100223,-0.013134,988.6661
20100224,0.008484,997.0542
20100225,-0.000886,996.1713
20100226,0.001722,997.8864
20100301,0.012087,1009.948
20100302,0.00434,1014.331
20100303,0.001396,1015.748
20100304,0.003231,1019.029
20100305,0.01451,1033.815
20100308,0.000621,1034.458
20100309,0.001646,1036.16
20100310,0.005017,1041.359
20100311,0.003697,1045.209
20100312,0.000761,1046.005
20100315,-0.000643,1045.333
20100316,0.008706,1054.433
20100317,0.005616,1060.354
20100318,-0.002002,1058.231
20100319,-0.006853,1050.979
20100322,0.005918,1057.2
20100323,0.007664,1065.302
20100324,-0.00652,1058.356
20100325,-0.002456,1055.757
20100326,0.000537,1056.324
20100329,0.006539,1063.231
20100330,0.000318,1063.569
20100331,-0.002879,1060.507
20100401,0.008458,1069.477
20100405,0.009627,1079.773
20100406,0.002107,1082.048
20100407,-0.005734,1075.844
20100408,0.002877,1078.939
20100409,0.006703,1086.171
20100412,0.001868,1088.2
20100413,0.000631,1088.887
20100414,0.012398,1102.387
20100415,0.000117,1102.516
20100416,-0.01614,1084.722
20100419,0.002405,1087.33
20100420,0.009837,1098.026
20100421,-0.00059,1097.378
20100422,0.003611,1101.341
20100423,0.007486,1109.586
20100426,-0.003283,1105.943
20100427,-0.024025,1079.373
20100428,0.005074,1084.85
20100429,0.013648,1099.656
20100430,-0.017119,1080.831
20100503,0.013052,1094.938
20100504,-0.025438,1067.085
20100505,-0.009487,1056.962
20100506,-0.033019,1022.063
20100507,-0.016227,1005.478
20100510,0.045199,1050.924
20100511,-0.001037,1049.834
20100512,0.016089,1066.725
20100513,-0.011016,1054.974
20100514,-0.019611,1034.285
20100517,-0.000623,1033.64
20100518,-0.013887,1019.287
20100519,-0.007216,1011.932
20100520,-0.040895,970.5491
20100521,0.015348,985.4448
20100524,-0.012344,973.2808
20100525,-0.000103,973.1802
20100526,-0.003134,970.1298
20100527,0.035064,1004.146
20100528,-0.011968,992.1288
20100601,-0.018811,973.4657
20100602,0.026775,999.5303
20100603,0.004954,1004.482
20100604,-0.036374,967.9448
20100607,-0.014355,954.0501
20100608,0.009152,962.7819
20100609,-0.003978,958.9517
20100610,0.02988,987.6053
20100611,0.005881,993.4131
20100614,-0.000074,993.3394
20100615,0.024059,1017.238
20100616,-0.001236,1015.98
20100617,0.000771,1016.764
20100618,0.001694,1018.486
20100621,-0.004485,1013.919
20100622,-0.016463,997.2274
20100623,-0.003055,994.1804
20100624,-0.01653,977.7469
20100625,0.005937,983.5521
20100628,-0.003262,980.3437
20100629,-0.033333,947.6655
20100630,-0.0092,938.9468
20100701,-0.004081,935.1149
20100702,-0.004943,930.4924
20100706,0.00329,933.5541
20100707,0.031028,962.5204
20100708,0.009687,971.8447
20100709,0.009003,980.5943
20100712,-0.00126,979.3591
20100713,0.017312,996.3135
20100714,-0.000674,995.6418
20100715,0.000447,996.0864
20100716,-0.028897,967.3025
20100719,0.005031,972.1694
20100720,0.012329,984.1556
20100721,-0.01313,971.2335
20100722,0.023697,994.2487
20100723,0.009771,1003.964
20100726,0.011822,1015.833
20100727,-0.002503,1013.29
20100728,-0.007764,1005.423
20100729,-0.002899,1002.508
20100730,0.001465,1003.977
20100802,0.020721,1024.78
20100803,-0.005289,1019.36
20100804,0.007319,1026.821
20100805,-0.0026,1024.152
20100806,-0.003756,1020.305
20100809,0.005936,1026.361
20100810,-0.00813,1018.017
20100811,-0.029953,987.5241
20100812,-0.004945,982.6412
20100813,-0.004067,978.6453
20100816,0.0013,979.9172
20100817,0.013905,993.5427
20100818,0.002259,995.7866
20100819,-0.017034,978.824
20100820,-0.003364,975.5317
20100823,-0.004921,970.7315
20100824,-0.014751,956.412
20100825,0.004594,960.8062
20100826,-0.006821,954.2521
20100827,0.018522,971.9269
20100830,-0.014619,957.7184
20100831,0.000001,957.7198
20100901,0.029413,985.889
20100902,0.009659,995.4113
20100903,0.013215,1008.566
20100907,-0.012132,996.3302
20100908,0.0062,1002.508
20100909,0.003692,1006.209
20100910,0.004531,1010.768
20100913,0.012547,1023.45
20100914,-0.000258,1023.186
20100915,0.003003,1026.258
20100916,-0.000836,1025.4
20100917,0.001208,1026.639
20100920,0.015319,1042.366
20100921,-0.003269,1038.958
20100922,-0.005266,1033.487
20100923,-0.008237,1024.974
20100924,0.021472,1046.982
20100927,-0.004585,1042.181
20100928,0.0056,1048.018
20100929,-0.00124,1046.718
20100930,-0.002106,1044.513
20101001,0.004784,1049.511
20101004,-0.008804,1040.27
20101005,0.020751,1061.857
20101006,-0.000786,1061.023
20101007,-0.00205,1058.847
20101008,0.007609,1066.905
20101011,0.000543,1067.484
20101012,0.003821,1071.562
20101013,0.008589,1080.766
20101014,-0.003839,1076.616
20101015,0.000813,1077.492
20101018,0.006419,1084.409
20101019,-0.017194,1065.763
20101020,0.011173,1077.671
20101021,0.000379,1078.08
20101022,0.002632,1080.917
20101025,0.003627,1084.838
20101026,-0.000396,1084.409
20101027,-0.003329,1080.798
20101028,0.000921,1081.794
20101029,0.001583,1083.506
20101101,0.000105,1083.62
20101102,0.009038,1093.414
20101103,0.003313,1097.036
20101104,0.019792,1118.749
20101105,0.004096,1123.331
20101108,-0.001053,1122.148
20101109,-0.008679,1112.409
20101110,0.005231,1118.228
20101111,-0.003628,1114.171
20101112,-0.013378,1099.265
20101115,-0.001316,1097.819
20101116,-0.017116,1079.029
20101117,0.001458,1080.602
20101118,0.01555,1097.405
20101119,0.003718,1101.486
20101122,-0.00036,1101.09
20101123,-0.014186,1085.47
20101124,0.015818,1102.641
20101126,-0.006918,1095.013
20101129,-0.001248,1093.647
20101130,-0.005943,1087.147
20101201,0.02088,1109.847
20101202,0.012295,1123.492
20101203,0.003764,1127.721
20101206,-0.000071,1127.64
20101207,0.000332,1128.015
20101208,0.001494,1129.7
20101209,0.003605,1133.773
20101210,0.006531,1141.177
20101213,-0.000239,1140.904
20101214,0.000271,1141.213
20101215,-0.005187,1135.294
20101216,0.005813,1141.894
20101217,0.001536,1143.647
20101220,0.001826,1145.736
20101221,0.00709,1153.859
20101222,0.003085,1157.418
20101223,-0.001273,1155.945
20101227,0.000672,1156.722
20101228,0.000684,1157.513
20101229,0.002375,1160.262
20101230,-0.000859,1159.266
20101231,-0.00043,1158.768
20110103,0.01138,1171.955
20110104,-0.003909,1167.374
20110105,0.005515,1173.812
20110106,-0.002672,1170.676
20110107,-0.001896,1168.456
20110110,-0.000706,1167.631
20110111,0.004995,1173.463
20110112,0.008865,1183.866
20110113,-0.001824,1181.706
20110114,0.006809,1189.752
20110118,0.002117,1192.27
20110119,-0.012565,1177.289
20110120,-0.003677,1172.959
20110121,0.001361,1174.556
20110124,0.006363,1182.03
20110125,-0.000415,1181.539
20110126,0.007328,1190.197
20110127,0.002184,1192.796
20110128,-0.017493,1171.931
20110131,0.007673,1180.923
20110201,0.01716,1201.188
20110202,-0.002371,1198.339
20110203,0.002826,1201.726
20110204,0.002243,1204.421
20110207,0.006264,1211.966
20110208,0.004389,1217.285
20110209,-0.003469,1213.062
20110210,0.001411,1214.774
20110211,0.006013,1222.078
20110214,0.003288,1226.096
20110215,-0.003363,1221.972
20110216,0.007429,1231.05
20110217,0.003821,1235.754
20110218,0.001137,1237.16
20110222,-0.02126,1210.858
20110223,-0.006815,1202.606
20110224,-0.000241,1202.315
20110225,0.012784,1217.686
20110228,0.00529,1224.127
20110301,-0.015213,1205.505
20110302,0.002645,1208.694
20110303,0.0163,1228.395
20110304,-0.006104,1220.897
20110307,-0.009552,1209.234
20110308,0.008029,1218.943
20110309,-0.002676,1215.681
20110310,-0.019902,1191.487
20110311,0.006729,1199.504
20110314,-0.005628,1192.754
20110315,-0.011116,1179.495
20110316,-0.016857,1159.612
20110317,0.012242,1173.808
20110318,0.004781,1179.421
20110321,0.016558,1198.949
20110322,-0.003431,1194.835
20110323,0.002782,1198.16
20110324,0.008634,1208.504
20110325,0.003231,1212.41
20110328,-0.003345,1208.354
20110329,0.006997,1216.81
20110330,0.008157,1226.735
20110331,-0.000751,1225.814
20110401,0.005381,1232.41
20110404,0.000965,1233.6
20110405,0.001318,1235.226
20110406,0.001429,1236.992
20110407,-0.00233,1234.109
20110408,-0.003604,1229.662
20110411,-0.004685,1223.9
20110412,-0.009268,1212.558
20110413,0.001108,1213.901
20110414,0.000358,1214.336
20110415,0.003956,1219.14
20110418,-0.011683,1204.897
20110419,0.005685,1211.747
20110420,0.014261,1229.027
20110421,0.005831,1236.193
20110425,-0.001882,1233.866
20110426,0.008328,1244.141
20110427,0.005928,1251.517
20110428,0.00292,1255.171
20110429,0.003062,1259.014
20110502,-0.003503,1254.603
20110503,-0.006522,1246.42
20110504,-0.008053,1236.383
20110505,-0.009341,1224.834
20110506,0.004465,1230.303
20110509,0.006078,1237.78
20110510,0.008509,1248.312
20110511,-0.012644,1232.529
20110512,0.004034,1237.5
20110513,-0.008954,1226.42
20110516,-0.007133,1217.672
20110517,-0.000871,1216.611
20110518,0.010666,1229.587
20110519,0.002376,1232.509
20110520,-0.006948,1223.946
20110523,-0.013072,1207.947
20110524,-0.000604,1207.217
20110525,0.005055,1213.32
20110526,0.005131,1219.545
20110527,0.004842,1225.451
20110531,0.010288,1238.057
20110601,-0.023524,1208.933
20110602,-0.000755,1208.021
20110603,-0.009554,1196.479
20110606,-0.01265,1181.344
20110607,0.0001,1181.462
20110608,-0.006178,1174.163
20110609,0.00753,1183.005
20110610,-0.014103,1166.322
20110613,-0.001199,1164.923
20110614,0.013931,1181.151
20110615,-0.017528,1160.448
20110616,-0.000122,1160.307
20110617,0.002098,1162.741
20110620,0.0055,1169.136
20110621,0.015966,1187.803
20110622,-0.005571,1181.185
20110623,-0.002478,1178.259
20110624,-0.010764,1165.576
20110627,0.008248,1175.19
20110628,0.013605,1191.179
20110629,0.008642,1201.472
20110630,0.009841,1213.296
20110701,0.013614,1229.813
20110705,-0.000155,1229.623
20110706,0.000927,1230.763
20110707,0.010681,1243.908
20110708,-0.006401,1235.946
20110711,-0.019551,1211.781
20110712,-0.003882,1207.077
20110713,0.004719,1212.774
20110714,-0.008148,1202.893
20110715,0.006219,1210.373
20110718,-0.009673,1198.666
20110719,0.016499,1218.442
20110720,-0.000186,1218.216
20110721,0.012396,1233.317
20110722,0.001328,1234.955
20110725,-0.006437,1227.005
20110726,-0.004797,1221.12
20110727,-0.022042,1194.203
20110728,-0.003121,1190.477
20110729,-0.005902,1183.45
20110801,-0.003604,1179.185
20110802,-0.026219,1148.268
20110803,0.004835,1153.82
20110804,-0.050938,1095.046
20110805,-0.004917,1089.661
20110808,-0.069958,1013.43
20110809,0.052018,1066.147
20110810,-0.039771,1023.745
20110811,0.046048,1070.886
20110812,0.004802,1076.029
20110815,0.02301,1100.789
20110816,-0.011306,1088.343
20110817,0.000514,1088.903
20110818,-0.046295,1038.492
20110819,-0.015869,1022.012
20110822,-0.00023,1021.777
20110823,0.034767,1057.301
20110824,0.012172,1070.171
20110825,-0.01626,1052.77
20110826,0.016461,1070.099
20110829,0.030189,1102.404
20110830,0.00347,1106.23
20110831,0.004947,1111.703
20110901,-0.012519,1097.786
20110902,-0.025351,1069.956
20110906,-0.008164,1061.221
20110907,0.029697,1092.736
20110908,-0.011189,1080.51
20110909,-0.026934,1051.407
20110912,0.004495,1056.133
20110913,0.010652,1067.383
20110914,0.013177,1081.448
20110915,0.015741,1098.471
20110916,0.003557,1102.378
20110919,-0.010793,1090.48
20110920,-0.004338,1085.75
20110921,-0.029814,1053.38
20110922,-0.034516,1017.021
20110923,0.006159,1023.285
20110926,0.022167,1045.969
20110927,0.012727,1059.28
20110928,-0.024169,1033.678
20110929,0.008148,1042.101
20110930,-0.024863,1016.191
20111003,-0.032829,982.8306
20111004,0.024278,1006.692
20111005,0.019621,1026.445
20111006,0.020649,1047.64
20111007,-0.011112,1035.999
20111010,0.034638,1071.884
20111011,0.001103,1073.066
20111012,0.011705,1085.626
20111013,-0.003025,1082.342
20111014,0.018013,1101.838
20111017,-0.021123,1078.563
20111018,0.021178,1101.405
20111019,-0.014399,1085.546
20111020,0.00417,1090.073
20111021,0.019406,1111.228
20111024,0.016711,1129.797
20111025,-0.02039,1106.76
20111026,0.011596,1119.595
20111027,0.036296,1160.231
20111028,0.000232,1160.5
20111031,-0.024738,1131.792
20111101,-0.029156,1098.793
20111102,0.017093,1117.575
20111103,0.019296,1139.14
20111104,-0.005659,1132.693
20111107,0.00478,1138.107
20111108,0.011001,1150.627
20111109,-0.038325,1106.53
20111110,0.007414,1114.733
20111111,0.019961,1136.984
20111114,-0.009531,1126.147
20111115,0.00442,1131.125
20111116,-0.01541,1113.694
20111117,-0.017313,1094.413
20111118,-0.000416,1093.958
20111121,-0.018791,1073.401
20111122,-0.004394,1068.685
20111123,-0.023562,1043.504
20111125,-0.003732,1039.61
20111128,0.030679,1071.504
20111129,0.00202,1073.668
20111130,0.044301,1121.233
20111201,-0.002317,1118.634
20111202,0.000086,1118.731
20111205,0.01047,1130.444
20111206,0.000441,1130.943
20111207,0.001611,1132.765
20111208,-0.023089,1106.611
20111209,0.017977,1126.504
20111212,-0.015488,1109.057
20111213,-0.011598,1096.194
20111214,-0.012846,1082.112
20111215,0.003695,1086.11
20111216,0.004924,1091.458
20111219,-0.012798,1077.49
20111220,0.030226,1110.058
20111221,0.002038,1112.32
20111222,0.008904,1122.224
20111223,0.008014,1131.218
20111227,0.000067,1131.294
20111228,-0.013967,1115.493
20111229,0.010876,1127.624
20111230,-0.002751,1124.522
20120103,0.016072,1142.596
20120104,-0.000571,1141.944
20120105,0.003082,1145.464
20120106,-0.003102,1141.91
20120109,0.00281,1145.119
20120110,0.010403,1157.032
20120111,0.000847,1158.011
20120112,0.003057,1161.552
20120113,-0.005346,1155.341
20120117,0.003804,1159.737
20120118,0.012262,1173.958
20120119,0.005642,1180.582
20120120,0.000818,1181.547
20120123,0.001523,1183.346
20120124,-0.000848,1182.343
20120125,0.009861,1194.002
20120126,-0.005145,1187.859
20120127,0.000431,1188.371
20120130,-0.003668,1184.012
20120131,-0.000203,1183.772
20120201,0.011079,1196.887
20120202,0.001687,1198.906
20120203,0.014914,1216.787
20120206,-0.000914,1215.675
20120207,0.001284,1217.236
20120208,0.001957,1219.618
20120209,0.001046,1220.893
20120210,-0.008348,1210.701
20120213,0.007233,1219.458
20120214,-0.001651,1217.444
20120215,-0.00469,1211.734
20120216,0.012576,1226.972
20120217,0.001343,1228.62
20120221,0.000041,1228.671
20120222,-0.003372,1224.528
20120223,0.005675,1231.478
20120224,0.001382,1233.179
20120227,0.000869,1234.251
20120228,0.002645,1237.515
20120229,-0.00556,1230.634
20120301,0.006732,1238.919
20120302,-0.005026,1232.692
20120305,-0.004558,1227.074
20120306,-0.017414,1205.705
20120307,0.007759,1215.06
20120308,0.010728,1228.095
20120309,0.0046,1233.745
20120312,-0.001341,1232.091
20120313,0.017599,1253.775
20120314,-0.003749,1249.075
20120315,0.006546,1257.251
20120316,0.00129,1258.873
20120319,0.004125,1264.065
20120320,-0.004408,1258.494
20120321,-0.001191,1256.995
20120322,-0.008192,1246.697
20120323,0.004421,1252.208
20120326,0.014072,1269.83
20120327,-0.003777,1265.034
20120328,-0.00574,1257.772
20120329,-0.001937,1255.336
20120330,0.003273,1259.445
20120402,0.008004,1269.525
20120403,-0.004512,1263.797
20120404,-0.011828,1248.848
20120405,-0.001127,1247.441
20120409,-0.011648,1232.911
20120410,-0.018385,1210.244
20120411,0.008486,1220.513
20120412,0.015145,1238.998
20120413,-0.012538,1223.463
20120416,-0.000607,1222.72
20120417,0.015257,1241.375
20120418,-0.004053,1236.344
20120419,-0.004805,1230.403
20120420,0.001538,1232.296
20120423,-0.009623,1220.437
20120424,0.003249,1224.403
20120425,0.013997,1241.541
20120426,0.006751,1249.922
20120427,0.003913,1254.813
20120430,-0.004422,1249.265
20120501,0.004937,1255.432
20120502,-0.002157,1252.724
20120503,-0.010249,1239.885
20120504,-0.01604,1219.997
20120507,0.000493,1220.598
20120508,-0.005378,1214.034
20120509,-0.006304,1206.381
20120510,0.002711,1209.651
20120511,-0.002884,1206.162
20120514,-0.012269,1191.364
20120515,-0.006158,1184.027
20120516,-0.005136,1177.946
20120517,-0.016352,1158.685
20120518,-0.008361,1148.997
20120521,0.017977,1169.653
20120522,-0.000392,1169.195
20120523,0.002947,1172.641
20120524,0.000957,1173.763
20120525,-0.001606,1171.878
20120529,0.011223,1185.03
20120530,-0.015999,1166.071
20120531,-0.002152,1163.562
20120601,-0.025284,1134.143
20120604,-0.001086,1132.911
20120605,0.007986,1141.958
20120606,0.022847,1168.048
20120607,-0.001438,1166.368
20120608,0.007372,1174.967
20120611,-0.014286,1158.182
20120612,0.011764,1171.807
20120613,-0.007524,1162.991
20120614,0.009647,1174.21
20120615,0.010212,1186.202
20120618,0.002193,1188.802
20120619,0.011787,1202.815
20120620,-0.001499,1201.013
20120621,-0.023754,1172.484
20120622,0.007394,1181.153
20120625,-0.01585,1162.432
20120626,0.004945,1168.18
20120627,0.008874,1178.547
20120628,-0.002178,1175.98
20120629,0.02559,1206.073
20120702,0.003817,1210.678
20120703,0.008754,1221.276
20120705,-0.004094,1216.276
20120706,-0.010274,1203.78
20120709,-0.002271,1201.046
20120710,-0.008893,1190.366
20120711,-0.000524,1189.743
20120712,-0.004948,1183.856
20120713,0.015462,1202.161
20120716,-0.002549,1199.097
20120717,0.006844,1207.303
20120718,0.006304,1214.914
20120719,0.002713,1218.211
20120720,-0.010089,1205.92
20120723,-0.010134,1193.699
20120724,-0.009685,1182.139
20120725,0.00057,1182.813
20120726,0.015638,1201.31
20120727,0.019072,1224.221
20120730,-0.000884,1223.139
20120731,-0.00502,1216.999
20120801,-0.004749,1211.22
20120802,-0.007449,1202.198
20120803,0.019266,1225.36
20120806,0.003495,1229.643
20120807,0.006516,1237.655
20120808,-0.000135,1237.488
20120809,0.001321,1239.123
20120810,0.001878,1241.45
20120813,-0.00205,1238.904
20120814,-0.000111,1238.767
20120815,0.002599,1241.986
20120816,0.007918,1251.82
20120817,0.002731,1255.239
20120820,-0.000693,1254.37
20120821,-0.00255,1251.171
20120822,-0.000278,1250.823
20120823,-0.007548,1241.382
20120824,0.005535,1248.254
20120827,-0.000516,1247.609
20120828,0.000209,1247.87
20120829,0.000861,1248.944
20120830,-0.008048,1238.893
20120831,0.005757,1246.025
20120904,0.000662,1246.85
20120905,-0.000774,1245.885
20120906,0.019673,1270.395
20120907,0.00543,1277.293
20120910,-0.005759,1269.938
20120911,0.003362,1274.208
20120912,0.002309,1277.15
20120913,0.015234,1296.606
20120914,0.006177,1304.615
20120917,-0.004553,1298.675
20120918,-0.001893,1296.216
20120919,0.001301,1297.901
20120920,-0.002028,1295.27
20120921,0.0004,1295.787
20120924,-0.003125,1291.738
20120925,-0.011049,1277.465
20120926,-0.005849,1269.994
20120927,0.009986,1282.676
20120928,-0.004542,1276.85
20121001,0.00272,1280.323
20121002,0.001144,1281.788
20121003,0.002516,1285.012
20121004,0.007708,1294.917
20121005,-0.000339,1294.478
20121008,-0.003581,1289.842
20121009,-0.009968,1276.984
20121010,-0.005752,1269.638
20121011,0.001485,1271.524
20121012,-0.003533,1267.031
20121015,0.007429,1276.443
20121016,0.010076,1289.304
20121017,0.005034,1295.794
20121018,-0.002823,1292.137
20121019,-0.015898,1271.595
20121022,0.000058,1271.669
20121023,-0.01309,1255.023
20121024,-0.002685,1251.654
20121025,0.003255,1255.728
20121026,-0.001366,1254.012
20121031,0.002218,1256.793
20121101,0.011319,1271.02
20121102,-0.009856,1258.492
20121105,0.002078,1261.107
20121106,0.007754,1270.886
20121107,-0.022258,1242.599
20121108,-0.011909,1227.801
20121109,0.000949,1228.965
20121112,-0.000229,1228.684
20121113,-0.004493,1223.163
20121114,-0.015307,1204.441
20121115,-0.003194,1200.594
20121116,0.006298,1208.155
20121119,0.019345,1231.526
20121120,0.000961,1232.709
20121121,0.003203,1236.658
20121123,0.012735,1252.407
20121126,-0.001761,1250.201
20121127,-0.004555,1244.506
20121128,0.007437,1253.762
20121129,0.004979,1260.005
20121130,0.000308,1260.393
20121203,-0.004433,1254.806
20121204,-0.001396,1253.053
20121205,0.001357,1254.753
20121206,0.002317,1257.661
20121207,0.002495,1260.798
20121210,0.001378,1262.536
20121211,0.006295,1270.483
20121212,-0.000176,1270.26
20121213,-0.006254,1262.316
20121214,-0.003374,1258.057
20121217,0.010441,1271.192
20121218,0.011243,1285.484
20121219,-0.004919,1279.16
20121220,0.004843,1285.355
20121221,-0.008754,1274.104
20121224,-0.002353,1271.106
20121226,-0.005286,1264.387
20121227,-0.001047,1263.063
20121228,-0.009653,1250.871
20121231,0.016709,1271.771
20130102,0.02535,1304.011
20130103,-0.001751,1301.727
20130104,0.005793,1309.269
20130107,-0.002518,1305.972
20130108,-0.002443,1302.782
20130109,0.003422,1307.241
20130110,0.006823,1316.161
20130111,0.000249,1316.489
20130114,-0.000446,1315.901
20130115,0.002009,1318.545
20130116,-0.000798,1317.493
20130117,0.005953,1325.336
20130118,0.002999,1329.31
20130122,0.005237,1336.272
20130123,0.00034,1336.726
20130124,0.00069,1337.648
20130125,0.00544,1344.924
20130128,-0.001274,1343.211
20130129,0.003459,1347.856
20130130,-0.004211,1342.18
20130131,-0.000817,1341.084
20130201,0.009426,1353.724
20130204,-0.011255,1338.488
20130205,0.00942,1351.096
20130206,0.001194,1352.709
20130207,-0.002346,1349.536
20130208,0.005469,1356.916
20130211,-0.001014,1355.54
20130212,0.002134,1358.433
20130213,0.001037,1359.842
20130214,0.000793,1360.921
20130215,-0.002035,1358.152
20130219,0.006966,1367.613
20130220,-0.013493,1349.16
20130221,-0.007296,1339.317
20130222,0.008698,1350.966
20130225,-0.017498,1327.327
20130226,0.005521,1334.656
20130227,0.012375,1351.172
20130228,-0.000608,1350.35
20130301,0.001777,1352.75
20130304,0.003829,1357.93
20130305,0.009283,1370.535
20130306,0.001415,1372.474
20130307,0.002295,1375.624
20130308,0.004889,1382.349
20130311,0.002729,1386.122
20130312,-0.002003,1383.345
20130313,0.00054,1384.091
20130314,0.005986,1392.376
20130315,-0.001559,1390.205
20130318,-0.005432,1382.654
20130319,-0.002983,1378.529
20130320,0.007386,1388.712
20130321,-0.007739,1377.964
20130322,0.005981,1386.207
20130325,-0.003086,1381.929
20130326,0.00705,1391.671
20130327,-0.000271,1391.293
20130328,0.004143,1397.057
20130401,-0.005465,1389.422
20130402,0.002845,1393.374
20130403,-0.0122,1376.375
20130404,0.003763,1381.553
20130405,-0.003729,1376.401
20130408,0.006595,1385.478
20130409,0.003664,1390.555
20130410,0.011867,1407.056
20130411,0.003148,1411.485
20130412,-0.003619,1406.377
20130415,-0.025604,1370.368
20130416,0.01481,1390.663
20130417,-0.014915,1369.922
20130418,-0.005986,1361.721
20130419,0.0094,1374.521
20130422,0.00428,1380.405
20130423,0.01034,1394.677
20130424,0.001982,1397.441
20130425,0.00484,1404.205
20130426,-0.002546,1400.63
20130429,0.007337,1410.907
20130430,0.004087,1416.674
20130501,-0.010879,1401.262
20130502,0.009544,1414.636
20130503,0.010492,1429.479
20130506,0.002548,1433.122
20130507,0.00521,1440.589
20130508,0.004592,1447.205
20130509,-0.003979,1441.446
20130510,0.004861,1448.453
20130513,-0.000668,1447.485
20130514,0.009421,1461.122
20130515,0.003902,1466.822
20130516,-0.004714,1459.907
20130517,0.009674,1474.03
20130520,0.000439,1474.677
20130521,0.001672,1477.142
20130522,-0.009794,1462.674
20130523,-0.00249,1459.033
20130524,-0.000934,1457.671
20130528,0.006482,1467.119
20130529,-0.007172,1456.597
20130530,0.004108,1462.58
20130531,-0.013613,1442.671
20130603,0.004525,1449.199
20130604,-0.005653,1441.006
20130605,-0.013708,1421.253
20130606,0.008978,1434.012
20130607,0.011767,1450.887
20130610,0.000215,1451.199
20130611,-0.010939,1435.324
20130612,-0.008691,1422.85
20130613,0.015044,1444.255
20130614,-0.005395,1436.463
20130617,0.00726,1446.892
20130618,0.007507,1457.753
20130619,-0.013333,1438.318
20130620,-0.02575,1401.281
20130621,0.001298,1403.099
20130624,-0.012337,1385.79
20130625,0.010304,1400.069
20130626,0.00884,1412.445
20130627,0.008019,1423.771
20130628,-0.002997,1419.504
20130701,0.006671,1428.973
20130702,-0.001471,1426.871
20130703,0.000456,1427.521
20130705,0.009377,1440.907
20130708,0.004998,1448.108
20130709,0.007743,1459.321
20130710,0.000629,1460.239
20130711,0.014274,1481.082
20130712,0.00271,1485.097
20130715,0.002179,1488.333
20130716,-0.003907,1482.517
20130717,0.002944,1486.882
20130718,0.005497,1495.055
20130719,0.001462,1497.241
20130722,0.002672,1501.243
20130723,-0.001357,1499.206
20130724,-0.004831,1491.963
20130725,0.003997,1497.926
20130726,0.000212,1498.243
20130729,-0.003794,1492.558
20130730,0.000405,1493.162
20130731,0.000072,1493.27
20130801,0.012344,1511.703
20130802,0.001288,1513.65
20130805,-0.000791,1512.453
20130806,-0.006641,1502.408
20130807,-0.004851,1495.12
20130808,0.00514,1502.804
20130809,-0.002157,1499.563
20130812,-0.000295,1499.12
20130813,0.001331,1501.115
20130814,-0.004399,1494.512
20130815,-0.013356,1474.552
20130816,-0.002972,1470.17
20130819,-0.007114,1459.712
20130820,0.005697,1468.028
20130821,-0.006125,1459.036
20130822,0.009146,1472.38
20130823,0.004169,1478.518
20130826,-0.002864,1474.284
20130827,-0.016518,1449.931
20130828,0.002521,1453.587
20130829,0.003182,1458.212
20130830,-0.004922,1451.035
20130903,0.00443,1457.462
20130904,0.007524,1468.429
20130905,0.001891,1471.205
20130906,0.000745,1472.302
20130909,0.010804,1488.208
20130910,0.007344,1499.138
20130911,0.002598,1503.033
20130912,-0.004172,1496.762
20130913,0.00264,1500.714
20130916,0.005147,1508.437
20130917,0.00509,1516.115
20130918,0.012172,1534.57
20130919,-0.001188,1532.747
20130920,-0.007205,1521.703
20130923,-0.004295,1515.167
20130924,-0.00128,1513.228
20130925,-0.001763,1510.56
20130926,0.003794,1516.29
20130927,-0.003701,1510.679
20130930,-0.004929,1503.232
20131001,0.008807,1516.472
20131002,-0.000921,1515.075
20131003,-0.008791,1501.756
20131004,0.006821,1511.999
20131007,-0.008629,1498.952
20131008,-0.013567,1478.616
20131009,-0.00062,1477.699
20131010,0.021175,1508.989
20131011,0.007071,1519.659
20131014,0.004163,1525.986
20131015,-0.006915,1515.433
20131016,0.012916,1535.007
20131017,0.007682,1546.799
20131018,0.007085,1557.757
20131021,0.000154,1557.997
20131022,0.005404,1566.417
20131023,-0.005244,1558.203
20131024,0.00409,1564.575
20131025,0.003168,1569.531
20131028,0.000343,1570.07
20131029,0.004415,1577.002
20131030,-0.005842,1567.788
20131031,-0.003574,1562.186
20131101,0.0015,1564.529
20131104,0.004333,1571.308
20131105,-0.002966,1566.647
20131106,0.002532,1570.613
20131107,-0.014184,1548.335
20131108,0.012692,1567.987
20131111,0.001054,1569.64
20131112,-0.002283,1566.056
20131113,0.008442,1579.276
20131114,0.004339,1586.129
20131115,0.00435,1593.028
20131118,-0.00486,1585.287
20131119,-0.003528,1579.693
20131120,-0.003238,1574.579
20131121,0.008775,1588.396
20131122,0.004551,1595.624
20131125,-0.001415,1593.367
20131126,0.000981,1594.93
20131127,0.002562,1599.017
20131129,0.000054,1599.103
20131202,-0.003522,1593.471
20131203,-0.003795,1587.423
20131204,-0.001195,1585.525
20131205,-0.003531,1579.927
20131206,0.009609,1595.108
20131209,0.001821,1598.012
20131210,-0.002943,1593.309
20131211,-0.01228,1573.742
20131212,-0.002733,1569.442
20131213,0.001262,1571.422
20131216,0.006485,1581.613
20131217,-0.002324,1577.937
20131218,0.014567,1600.922
20131219,-0.000917,1599.454
20131220,0.006999,1610.649
20131223,0.006196,1620.628
20131224,0.003405,1626.146
20131226,0.004076,1632.774
20131227,-0.000476,1631.997
20131230,0.000187,1632.302
20131231,0.00426,1639.255
20140102,-0.008809,1624.815
20140103,0.000407,1625.477
20140106,-0.00342,1619.918
20140107,0.006166,1629.906
20140108,0.000013,1629.927
20140109,0.000077,1630.054
20140110,0.003416,1635.621
20140113,-0.011905,1616.148
20140114,0.010403,1632.961
20140115,0.005128,1641.334
20140116,-0.000242,1640.937
20140117,-0.003552,1635.109
20140121,0.003404,1640.676
20140122,0.001347,1642.886
20140123,-0.008275,1629.291
20140124,-0.021313,1594.566
20140127,-0.00676,1583.787
20140128,0.007333,1595.4
20140129,-0.010258,1579.034
20140130,0.011717,1597.536
20140131,-0.005848,1588.193
20140203,-0.023492,1550.883
20140204,0.007556,1562.601
20140205,-0.002274,1559.047
20140206,0.011557,1577.065
20140207,0.012777,1597.215
20140210,0.001609,1599.785
20140211,0.010564,1616.685
20140212,0.000795,1617.971
20140213,0.006952,1629.218
20140214,0.003997,1635.73
20140218,0.003071,1640.753
20140219,-0.006978,1629.304
20140220,0.006367,1639.678
20140221,-0.001019,1638.006
20140224,0.00625,1648.243
20140225,-0.001271,1646.149
20140226,0.000924,1647.67
20140227,0.004738,1655.477
20140228,0.001685,1658.266
20140303,-0.006647,1647.243
20140304,0.015601,1672.942
20140305,0.000235,1673.335
20140306,0.001431,1675.73
20140307,-0.00077,1674.44
20140310,-0.001226,1672.387
20140311,-0.005639,1662.957
20140312,0.001009,1664.635
20140313,-0.01134,1645.757
20140314,-0.001494,1643.298
20140317,0.008389,1657.083
20140318,0.00772,1669.876
20140319,-0.00674,1658.621
20140320,0.004832,1666.635
20140321,-0.002982,1661.666
20140324,-0.006261,1651.263
20140325,0.003279,1656.678
20140326,-0.00839,1642.779
20140327,-0.001445,1640.405
20140328,0.0044,1647.622
20140331,0.009298,1662.941
20140401,0.008327,1676.788
20140402,0.002708,1681.329
20140403,-0.003148,1676.036
20140404,-0.012973,1654.292
20140407,-0.011945,1634.532
20140408,0.005226,1643.074
20140409,0.011403,1661.809
20140410,-0.021151,1626.66
20140411,-0.010093,1610.241
20140414,0.006617,1620.896
20140415,0.005415,1629.672
20140416,0.010753,1647.197
20140417,0.002245,1650.894
20140421,0.003599,1656.836
20140422,0.005654,1666.203
20140423,-0.002922,1661.335
20140424,0.000695,1662.49
20140425,-0.009656,1646.437
20140428,0.000945,1647.993
20140429,0.005678,1657.35
20140430,0.003403,1662.991
20140501,0.000676,1664.114
20140502,-0.00033,1663.565
20140505,0.001285,1665.701
20140506,-0.009029,1650.661
20140507,0.004088,1657.409
20140508,-0.002963,1652.498
20140509,0.001488,1654.957
20140512,0.011234,1673.549
20140513,-0.000932,1671.989
20140514,-0.005031,1663.576
20140515,-0.008634,1649.213
20140516,0.003385,1654.796
20140519,0.004371,1662.03
20140520,-0.007053,1650.307
20140521,0.007414,1662.543
20140522,0.003402,1668.199
20140523,0.004793,1676.194
20140527,0.006049,1686.333
20140528,-0.001509,1683.788
20140529,0.004858,1691.967
20140530,0.000729,1693.202
20140602,0.000617,1694.247
20140603,-0.000417,1693.541
20140604,0.002511,1697.793
20140605,0.007204,1710.024
20140606,0.005024,1718.616
20140609,0.001881,1721.849
20140610,-0.000411,1721.14
20140611,-0.00324,1715.563
20140612,-0.006182,1704.958
20140613,0.003112,1710.264
20140616,0.001498,1712.826
20140617,0.002992,1717.952
20140618,0.006941,1729.875
20140619,0.001505,1732.479
20140620,0.002123,1736.158
20140623,0.000176,1736.463
20140624,-0.007198,1723.964
20140625,0.005183,1732.899
20140626,-0.0008,1731.513
20140627,0.002875,1736.491
20140630,0.000973,1738.18
20140701,0.00674,1749.896
20140702,-0.000362,1749.262
20140703,0.005069,1758.129
20140707,-0.006263,1747.118
20140708,-0.007682,1733.696
20140709,0.004466,1741.438
20140710,-0.004865,1732.966
20140711,0.000683,1734.149
20140714,0.004646,1742.206
20140715,-0.003333,1736.399
20140716,0.00372,1742.859
20140717,-0.011152,1723.422
20140718,0.01039,1741.329
20140721,-0.002234,1737.438
20140722,0.005117,1746.329
20140723,0.001861,1749.579
20140724,0.000227,1749.976
20140725,-0.005164,1740.94
20140728,-0.000565,1739.955
20140729,-0.003818,1733.313
20140730,0.000461,1734.112
20140731,-0.019677,1699.991
20140801,-0.003605,1693.862
20140804,0.007237,1706.12
20140805,-0.009006,1690.755
20140806,0.000019,1690.787
20140807,-0.005169,1682.048
20140808,0.01042,1699.575
20140811,0.004671,1707.514
20140812,-0.002303,1703.582
20140813,0.006456,1714.581
20140814,0.004198,1721.779
20140815,0.000235,1722.184
20140818,0.008581,1736.962
20140819,0.004631,1745.005
20140820,0.002006,1748.505
20140821,0.002507,1752.889
20140822,-0.001499,1750.261
20140825,0.004552,1758.228
20140826,0.002177,1762.055
20140827,0.000433,1762.818
20140828,-0.001937,1759.403
20140829,0.003847,1766.17
20140902,0.000041,1766.242
20140903,-0.000896,1764.661
20140904,-0.002395,1760.434
20140905,0.004385,1768.154
20140908,-0.00281,1763.187
20140909,-0.006366,1751.962
20140910,0.003371,1757.869
20140911,0.001111,1759.821
20140912,-0.006614,1748.182
20140915,-0.002947,1743.03
20140916,0.007085,1755.38
20140917,0.000931,1757.014
20140918,0.004486,1764.895
20140919,-0.002359,1760.732
20140922,-0.010261,1742.665
20140923,-0.00613,1731.982
20140924,0.007172,1744.402
20140925,-0.01578,1716.876
20140926,0.00833,1731.178
20140929,-0.002388,1727.045
20140930,-0.004183,1719.82
20141001,-0.013205,1697.11
20141002,0.000792,1698.455
20141003,0.009293,1714.238
20141006,-0.001829,1711.103
20141007,-0.01523,1685.042
20141008,0.01576,1711.599
20141009,-0.021535,1674.739
20141010,-0.013613,1651.94
20141013,-0.016056,1625.416
20141014,0.00228,1629.123
20141015,-0.004599,1621.63
20141016,0.004074,1628.237
20141017,0.010951,1646.067
20141020,0.009373,1661.496
20141021,0.019642,1694.131
20141022,-0.009116,1678.689
20141023,0.012463,1699.61
20141024,0.006083,1709.949
20141027,-0.002148,1706.276
20141028,0.013875,1729.951
20141029,-0.002403,1725.794
20141030,0.004854,1734.172
20141031,0.011676,1754.419
20141103,-0.000673,1753.239
20141104,-0.004719,1744.965
20141105,0.004756,1753.264
20141106,0.003759,1759.855
20141107,0.001807,1763.034
20141110,0.002757,1767.895
20141111,0.001095,1769.83
20141112,0.00042,1770.574
20141113,-0.001048,1768.719
20141114,0.001193,1770.828
20141117,-0.000174,1770.52
20141118,0.005317,1779.934
20141119,-0.002404,1775.655
20141120,0.003346,1781.596
20141121,0.005094,1790.673
20141124,0.003228,1796.453
20141125,-0.000561,1795.444
20141126,0.002509,1799.949
20141128,-0.006067,1789.028
20141201,-0.009286,1772.415
20141202,0.005993,1783.036
20141203,0.005121,1792.166
20141204,-0.002213,1788.2
20141205,0.00151,1790.9
20141208,-0.009767,1773.409
20141209,0.001749,1776.511
20141210,-0.017798,1744.892
20141211,0.003929,1751.748
20141212,-0.015436,1724.708
20141215,-0.007586,1711.624
20141216,-0.006049,1701.27
20141217,0.022049,1738.781
20141218,0.021755,1776.609
20141219,0.004643,1784.857
20141222,0.003136,1790.456
20141223,0.002308,1794.589
20141224,0.000488,1795.465
20141226,0.003645,1802.009
20141229,0.001056,1803.913
20141230,-0.004445,1795.895
20141231,-0.008901,1779.909
20150102,-0.000354,1779.28
20150105,-0.018656,1746.086
20150106,-0.00986,1728.87
20150107,0.010952,1747.805
20150108,0.017104,1777.699
20150109,-0.007723,1763.97
20150112,-0.007999,1749.861
20150113,-0.002522,1745.448
20150114,-0.00538,1736.058
20150115,-0.009589,1719.411
20150116,0.014023,1743.523
20150120,0.00018,1743.836
20150121,0.004395,1751.501
20150122,0.014898,1777.595
20150123,-0.00419,1770.146
20150126,0.004405,1777.944
20150127,-0.010313,1759.608
20150128,-0.01446,1734.164
20150129,0.008532,1748.961
20150130,-0.012294,1727.458
20150202,0.0124,1748.879
20150203,0.015217,1775.492
20150204,-0.004744,1767.069
20150205,0.011396,1787.207
20150206,-0.003545,1780.872
20150209,-0.00418,1773.427
20150210,0.00874,1788.927
20150211,-0.000574,1787.901
20150212,0.010281,1806.282
20150213,0.004694,1814.76
20150217,0.001741,1817.919
20150218,-0.000071,1817.79
20150219,-0.001135,1815.726
20150220,0.005672,1826.025
20150223,-0.00064,1824.856
20150224,0.002225,1828.916
20150225,0.000558,1829.937
20150226,-0.001692,1826.84
20150227,-0.002728,1821.857
20150302,0.005621,1832.098
20150303,-0.004071,1824.639
20150304,-0.003914,1817.496
20150305,0.001597,1820.4
20150306,-0.013975,1794.959
20150309,0.002824,1800.028
20150310,-0.01577,1771.642
20150311,-0.000514,1770.732
20150312,0.011927,1791.852
20150313,-0.005577,1781.858
20150316,0.011904,1803.07
20150317,-0.001801,1799.823
20150318,0.011944,1821.32
20150319,-0.004519,1813.089
20150320,0.009282,1829.918
20150323,-0.001083,1827.936
20150324,-0.004758,1819.24
20150325,-0.015005,1791.943
20150326,-0.002206,1787.99
20150327,0.002249,1792.012
20150330,0.01162,1812.834
20150331,-0.007241,1799.707
20150401,-0.003065,1794.191
20150402,0.003913,1801.212
20150406,0.006512,1812.942
20150407,-0.00213,1809.08
20150408,0.003309,1815.067
20150409,0.003424,1821.282
20150410,0.004683,1829.811
20150413,-0.003826,1822.811
20150414,0.001827,1826.142
20150415,0.006266,1837.584
20150416,-0.000486,1836.691
20150417,-0.011387,1815.776
20150420,0.008277,1830.805
20150421,-0.001208,1828.594
20150422,0.004184,1836.245
20150423,0.003472,1842.62
20150424,0.001159,1844.756
20150427,-0.005024,1835.489
20150428,0.002365,1839.829
20150429,-0.003897,1832.659
20150430,-0.010864,1812.749
20150501,0.009417,1829.82
20150504,0.003001,1835.312
20150505,-0.011732,1813.78
20150506,-0.003723,1807.028
20150507,0.003245,1812.892
20150508,0.012053,1834.744
20150511,-0.004102,1827.219
20150512,-0.002353,1822.92
20150513,-0.000115,1822.711
20150514,0.009669,1840.334
20150515,0.000894,1841.98
20150518,0.003449,1848.333
20150519,-0.001487,1845.584
20150520,-0.000456,1844.742
20150521,0.002418,1849.202
20150522,-0.002289,1844.97
20150526,-0.010512,1825.576
20150527,0.008611,1841.297
20150528,-0.001283,1838.933
20150529,-0.005837,1828.2
20150601,0.00151,1830.961
20150602,0.000338,1831.579
20150603,0.002612,1836.363
20150604,-0.008971,1819.889
20150605,0.000127,1820.12
20150608,-0.006856,1807.64
20150609,0.00008,1807.785
20150610,0.01151,1828.593
20150611,0.00156,1831.445
20150612,-0.00632,1819.87
20150615,-0.004042,1812.514
20150616,0.005037,1821.644
20150617,0.001744,1824.821
20150618,0.009253,1841.706
20150619,-0.004957,1832.576
20150622,0.005782,1843.172
20150623,0.001214,1845.41
20150624,-0.00753,1831.514
20150625,-0.002723,1826.527
20150626,-0.001063,1824.585
20150629,-0.021782,1784.841
20150630,0.002958,1790.12
20150701,0.005381,1799.753
20150702,-0.000626,1798.627
20150706,-0.004363,1790.78
20150707,0.00516,1800.02
20150708,-0.016773,1769.829
20150709,0.002544,1774.331
20150710,0.012614,1796.713
20150713,0.010388,1815.378
20150714,0.004772,1824.041
20150715,-0.002477,1819.522
20150716,0.006998,1832.255
20150717,-0.000547,1831.253
20150720,-0.001199,1829.058
20150721,-0.004169,1821.432
20150722,-0.002436,1816.995
20150723,-0.005594,1806.83
20150724,-0.010136,1788.516
20150727,-0.00711,1775.801
20150728,0.012445,1797.9
20150729,0.007526,1811.431
20150730,0.000764,1812.814
20150731,-0.000956,1811.081
20150803,-0.003696,1804.387
20150804,-0.001852,1801.045
20150805,0.002212,1805.029
20150806,-0.00824,1790.155
20150807,-0.003431,1784.014
20150810,0.013282,1807.709
20150811,-0.00948,1790.572
20150812,0.000632,1791.705
20150813,-0.002224,1787.72
20150814,0.003839,1794.583
20150817,0.005778,1804.952
20150818,-0.00362,1798.418
20150819,-0.009012,1782.211
20150820,-0.022018,1742.971
20150821,-0.028587,1693.145
20150824,-0.038963,1627.175
20150825,-0.010704,1609.759
20150826,0.034364,1665.075
20150827,0.024617,1706.065
20150828,0.002551,1710.418
20150831,-0.007448,1697.679
20150901,-0.028494,1649.305
20150902,0.016456,1676.446
20150903,0.001814,1679.488
20150904,-0.013838,1656.246
20150908,0.023834,1695.722
20150909,-0.013158,1673.41
20150910,0.004346,1680.683
20150911,0.003157,1685.989
20150914,-0.004337,1678.677
20150915,0.011658,1698.247
20150916,0.009478,1714.342
20150917,-0.000909,1712.783
20150918,-0.01552,1686.2
20150921,0.003372,1691.886
20150922,-0.013709,1668.691
20150923,-0.003592,1662.698
20150924,-0.003834,1656.324
20150925,-0.002291,1652.529
20150928,-0.027881,1606.455
20150929,-0.001019,1604.819
20150930,0.019715,1636.458
20151001,0.001926,1639.609
20151002,0.015164,1664.473
20151005,0.018959,1696.029
20151006,-0.003224,1690.562
20151007,0.009526,1706.666
20151008,0.008613,1721.365
20151009,0.001399,1723.773
20151012,-0.000201,1723.427
20151013,-0.007918,1709.782
20151014,-0.004545,1702.011
20151015,0.014799,1727.198
20151016,0.00351,1733.26
20151019,-0.000654,1732.127
20151020,-0.001214,1730.024
20151021,-0.008323,1715.625
20151022,0.014042,1739.716
20151023,0.009698,1756.587
20151026,-0.002813,1751.646
20151027,-0.004511,1743.745
20151028,0.013883,1767.953
20151029,-0.002249,1763.976
20151030,-0.004149,1756.658
20151102,0.012613,1778.814
20151103,0.003132,1784.385
20151104,-0.003712,1777.762
20151105,-0.001617,1774.888
20151106,-0.00028,1774.391
20151109,-0.009851,1756.912
20151110,0.001048,1758.754
20151111,-0.004279,1751.228
20151112,-0.014943,1725.059
20151113,-0.009949,1707.896
20151116,0.013764,1731.403
20151117,-0.001569,1728.686
20151118,0.015511,1755.501
20151119,-0.001158,1753.468
20151120,0.002937,1758.618
20151123,-0.000662,1757.454
20151124,0.002347,1761.579
20151125,0.001084,1763.488
20151127,0.000678,1764.683
20151130,-0.004079,1757.485
20151201,0.00957,1774.305
20151202,-0.011021,1754.751
20151203,-0.01461,1729.114
20151204,0.01673,1758.043
20151207,-0.010013,1740.44
20151208,-0.006146,1729.743
20151209,-0.00674,1718.085
20151210,0.002056,1721.617
20151211,-0.020352,1686.578
20151214,0.001573,1689.231
20151215,0.011485,1708.632
20151216,0.014949,1734.174
20151217,-0.01501,1708.144
20151218,-0.015387,1681.86
20151221,0.007142,1693.871
20151222,0.008901,1708.948
20151223,0.013768,1732.476
20151224,-0.000847,1731.009
20151228,-0.003381,1725.157
20151229,0.009889,1742.217
20151230,-0.00756,1729.045
20151231,-0.008312,1714.674
20160104,-0.015267,1688.495
20160105,0.001381,1690.826
20160106,-0.01429,1666.664
20160107,-0.024371,1626.045
20160108,-0.011047,1608.082
20160111,-0.001767,1605.241
20160112,0.006193,1615.182
20160113,-0.026593,1572.23
20160114,0.015794,1597.061
20160115,-0.021915,1562.061
20160119,-0.00265,1557.922
20160120,-0.010709,1541.237
20160121,0.005793,1550.166
20160122,0.022663,1585.297
20160125,-0.017078,1558.224
20160126,0.016102,1583.314
20160127,-0.010968,1565.948
20160128,0.00509,1573.918
20160129,0.024858,1613.042
20160201,-0.000331,1612.509
20160202,-0.020335,1579.718
20160203,0.005357,1588.18
20160204,0.003517,1593.766
20160205,-0.020101,1561.73
20160208,-0.017392,1534.569
20160209,-0.003096,1529.818
20160210,-0.000034,1529.767
20160211,-0.012366,1510.85
20160212,0.020472,1541.779
20160216,0.017741,1569.133
20160217,0.018303,1597.853
20160218,-0.00451,1590.646
20160219,-0.000306,1590.16
20160222,0.014521,1613.25
20160223,-0.011999,1593.893
20160224,0.005073,1601.978
20160225,0.010973,1619.557
20160226,0.000295,1620.035
20160229,-0.006183,1610.02
20160301,0.022568,1646.354
20160302,0.005525,1655.449
20160303,0.005443,1664.46
20160304,0.003977,1671.079
20160307,0.003253,1676.515
20160308,-0.013915,1653.187
20160309,0.005522,1662.315
20160310,-0.001438,1659.924
20160311,0.017351,1688.725
20160314,-0.001606,1686.014
20160315,-0.004472,1678.474
20160316,0.007313,1690.748
20160317,0.008291,1704.766
20160318,0.003926,1711.459
20160321,0.000545,1712.392
20160322,-0.000488,1711.556
20160323,-0.00954,1695.228
20160324,-0.000079,1695.093
20160328,0.000708,1696.293
20160329,0.010825,1714.655
20160330,0.004485,1722.344
20160331,-0.000851,1720.879
20160401,0.004893,1729.299
20160404,-0.004565,1721.406
20160405,-0.010106,1704.01
20160406,0.010949,1722.667
20160407,-0.01188,1702.201
20160408,0.004181,1709.318
20160411,-0.002002,1705.897
20160412,0.010474,1723.764
20160413,0.0113,1743.243
20160414,-0.000475,1742.414
20160415,-0.00058,1741.404
20160418,0.006864,1753.357
20160419,0.004318,1760.929
20160420,0.001289,1763.198
20160421,-0.00533,1753.799
20160422,0.001861,1757.063
20160425,-0.002783,1752.172
20160426,0.003339,1758.022
20160427,0.002454,1762.336
20160428,-0.008767,1746.885
20160429,-0.004614,1738.826
20160502,0.006864,1750.761
20160503,-0.011218,1731.12
20160504,-0.006473,1719.915
20160505,-0.000736,1718.649
20160506,0.003412,1724.512
20160509,-0.000117,1724.31
20160510,0.012413,1745.713
20160511,-0.008869,1730.23
20160512,-0.001073,1728.374
20160513,-0.008105,1714.366
20160516,0.010257,1731.951
20160517,-0.009006,1716.353
20160518,-0.00077,1715.031
20160519,-0.003826,1708.469
20160520,0.007608,1721.468
20160523,-0.001833,1718.312
20160524,0.013377,1741.298
20160525,0.007337,1754.075
20160526,-0.000318,1753.516
20160527,0.004412,1761.253
20160531,-0.0004,1760.549
20160601,0.00228,1764.563
20160602,0.003615,1770.941
20160603,-0.002253,1766.952
20160606,0.00621,1777.925
20160607,0.002025,1781.526
20160608,0.003311,1787.425
20160609,-0.002844,1782.341
20160610,-0.011242,1762.303
20160613,-0.008492,1747.338
20160614,-0.002784,1742.473
20160615,-0.000763,1741.143
20160616,0.001898,1744.448
20160617,-0.001962,1741.026
20160620,0.007177,1753.521
20160621,0.002298,1757.551
20160622,-0.001966,1754.096
20160623,0.014534,1779.589
20160624,-0.036934,1713.862
20160627,-0.020764,1678.276
20160628,0.017937,1708.379
20160629,0.017741,1738.688
20160630,0.013283,1761.783
20160701,0.002823,1766.757
20160705,-0.00833,1752.04
20160706,0.005292,1761.311
20160707,-0.000671,1760.129
20160708,0.015597,1787.582
20160711,0.004167,1795.03
20160712,0.008056,1809.492
20160713,-0.00037,1808.822
20160714,0.004738,1817.392
20160715,-0.000735,1816.057
20160718,0.002599,1820.776
20160719,-0.002361,1816.477
20160720,0.004677,1824.972
20160721,-0.003453,1818.67
20160722,0.004537,1826.921
20160725,-0.003162,1821.144
20160726,0.001561,1823.988
20160727,-0.001503,1821.245
20160728,0.0016,1824.159
20160729,0.002453,1828.634
20160801,-0.002255,1824.51
20160802,-0.007221,1811.334
20160803,0.004281,1819.088
20160804,0.00046,1819.926
20160805,0.008309,1835.048
20160808,-0.00006,1834.938
20160809,0.000927,1836.64
20160810,-0.002984,1831.16
20160811,0.004716,1839.797
20160812,-0.000539,1838.805
20160815,0.003962,1846.091
20160816,-0.005706,1835.557
20160817,0.000859,1837.133
20160818,0.003322,1843.235
20160819,-0.001833,1839.857
20160822,-0.000421,1839.083
20160823,0.00286,1844.342
20160824,-0.006213,1832.883
20160825,-0.000688,1831.622
20160826,-0.001746,1828.424
20160829,0.005127,1837.798
20160830,-0.001613,1834.834
20160831,-0.002702,1829.875
20160901,0.000657,1831.077
20160902,0.005763,1841.63
20160906,0.003238,1847.594
20160907,0.000609,1848.72
20160908,-0.002088,1844.86
20160909,-0.025301,1798.183
20160912,0.013601,1822.639
20160913,-0.016235,1793.049
20160914,-0.000641,1791.899
20160915,0.010164,1810.111
20160916,-0.003858,1803.127
20160919,0.001254,1805.388
20160920,-0.000465,1804.549
20160921,0.011772,1825.792
20160922,0.007833,1840.093
20160923,-0.005988,1829.074
20160926,-0.008454,1813.611
20160927,0.005197,1823.036
20160928,0.006481,1834.851
20160929,-0.009324,1817.743
20160930,0.00799,1832.266
20161003,-0.003199,1826.404
20161004,-0.005634,1816.114
20161005,0.004704,1824.657
20161006,-0.000744,1823.3
20161007,-0.003901,1816.187
20161010,0.005659,1826.465
20161011,-0.012714,1803.244
20161012,0.000838,1804.754
20161013,-0.003431,1798.562
20161014,-0.000307,1798.01
20161017,-0.002623,1793.294
20161018,0.006545,1805.031
20161019,0.002877,1810.224
20161020,-0.001777,1807.007
20161021,-0.00011,1806.809
20161024,0.004575,1815.076
20161025,-0.004572,1806.778
20161026,-0.002793,1801.731
20161027,-0.004081,1794.379
20161028,-0.002711,1789.514
20161031,0.000307,1790.064
20161101,-0.006898,1777.715
20161102,-0.007966,1763.553
20161103,-0.004409,1755.778
20161104,-0.001247,1753.589
20161107,0.021356,1791.039
20161108,0.003596,1797.48
20161109,0.012608,1820.143
20161110,0.002217,1824.178
20161111,0.000515,1825.117
20161114,0.002336,1829.38
20161115,0.00778,1843.613
20161116,-0.00162,1840.627
20161117,0.004705,1849.286
20161118,-0.00139,1846.715
20161121,0.007856,1861.223
20161122,0.002933,1866.682
20161123,0.001087,1868.71
20161125,0.003706,1875.636
20161128,-0.006348,1863.729
20161129,0.000742,1865.112
20161130,-0.00175,1861.848
20161201,-0.004274,1853.891
20161202,0.000609,1855.02
20161205,0.007324,1868.606
20161206,0.00475,1877.483
20161207,0.012331,1900.634
20161208,0.003656,1907.582
20161209,0.004074,1915.354
20161212,-0.002508,1910.55
20161213,0.005649,1921.343
20161214,-0.009572,1902.952
20161215,0.003706,1910.004
20161216,-0.001218,1907.677
20161219,0.002056,1911.599
20161220,0.004279,1919.778
20161221,-0.002583,1914.819
20161222,-0.002862,1909.339
20161223,0.001751,1912.682
20161227,0.002533,1917.528
20161228,-0.008508,1901.213
20161229,0.000327,1901.836
20161230,-0.004222,1893.807
20170103,0.008318,1909.559
20170104,0.00852,1925.828
20170105,-0.001121,1923.669
20170106,0.002264,1928.025
20170109,-0.004007,1920.299
20170110,0.001308,1922.811
20170111,0.003103,1928.777
20170112,-0.002678,1923.612
20170113,0.002899,1929.188
20170117,-0.003827,1921.806
20170118,0.001403,1924.502
20170119,-0.003913,1916.97
20170120,0.003614,1923.898
20170123,-0.002139,1919.783
20170124,0.008556,1936.208
20170125,0.008241,1952.164
20170126,-0.001098,1950.021
20170127,-0.001732,1946.643
20170130,-0.007225,1932.578
20170131,0.000723,1933.975
20170201,0.000086,1934.142
20170202,0.000485,1935.08
20170203,0.007799,1950.17
20170206,-0.002799,1944.711
20170207,-0.000536,1943.668
20170208,0.000892,1945.402
20170209,0.006531,1958.106
20170210,0.004038,1966.013
20170213,0.004564,1974.986
20170214,0.003831,1982.551
20170215,0.004731,1991.931
20170216,-0.001445,1989.054
20170217,0.002023,1993.078
20170221,0.005841,2004.721
20170222,-0.001889,2000.933
20170223,-0.001103,1998.726
20170224,0.000328,1999.382
20170227,0.001984,2003.348
20170228,-0.004729,1993.874
20170301,0.013445,2020.681
20170302,-0.006877,2006.786
20170303,0.00087,2008.531
20170306,-0.003869,2000.76
20170307,-0.003497,1993.764
20170308,-0.003449,1986.887
20170309,-0.000211,1986.467
20170310,0.003358,1993.137
20170313,0.001307,1995.741
20170314,-0.004234,1987.291
20170315,0.009932,2007.029
20170316,-0.000697,2005.629
20170317,-0.00089,2003.843
20170320,-0.002515,1998.804
20170321,-0.013995,1970.831
20170322,0.001784,1974.347
20170323,0.000111,1974.566
20170324,-0.0004,1973.775
20170327,-0.000357,1973.07
20170328,0.007054,1986.988
20170329,0.00202,1991.002
20170330,0.00269,1996.357
20170331,-0.001119,1994.122
20170403,-0.002814,1988.51
20170404,0.000533,1989.571
20170405,-0.004284,1981.047
20170406,0.003341,1987.666
20170407,-0.000716,1986.243
20170410,0.001479,1989.18
20170411,-0.000438,1988.308
20170412,-0.004734,1978.894
20170413,-0.007361,1964.328
20170417,0.008801,1981.617
20170418,-0.002537,1976.59
20170419,-0.001378,1973.866
20170420,0.007742,1989.148
20170421,-0.002979,1983.222
20170424,0.010848,2004.736
20170425,0.006121,2017.008
20170426,-0.000143,2016.719
20170427,-0.000196,2016.324
20170428,-0.002657,2010.966
20170501,0.002022,2015.032
20170502,0.000191,2015.417
20170503,-0.002761,2009.853
20170504,-0.000869,2008.107
20170505,0.005801,2019.757
20170508,-0.001007,2017.723
20170509,-0.001077,2015.55
20170510,0.002266,2020.117
20170511,-0.003109,2013.835
20170512,-0.001694,2010.423
20170515,0.005565,2021.612
20170516,-0.000617,2020.364
20170517,-0.018851,1982.279
20170518,0.003621,1989.457
20170519,0.007565,2004.506
20170522,0.005514,2015.558
20170523,0.001581,2018.745
20170524,0.002398,2023.586
20170525,0.003239,2030.141
20170526,0.000208,2030.563
20170530,-0.002455,2025.578
20170531,-0.000453,2024.661
20170601,0.009067,2043.019
20170602,0.003414,2049.995
20170605,-0.001851,2046.2
20170606,-0.002256,2041.584
20170607,0.000573,2042.753
20170608,0.001575,2045.969
20170609,-0.00053,2044.885
20170612,-0.000947,2042.95
20170613,0.005116,2053.401
20170614,-0.002448,2048.373
20170615,-0.003054,2042.117
20170616,0.000454,2043.043
20170619,0.007849,2059.078
20170620,-0.007655,2043.317
20170621,-0.000791,2041.701
20170622,0.000776,2043.284
20170623,0.002949,2049.311
20170626,0.000834,2051.02
20170627,-0.00763,2035.37
20170628,0.009961,2055.644
20170629,-0.008255,2038.676
20170630,0.001398,2041.526
20170703,0.00306,2047.773
20170705,-0.000229,2047.305
20170706,-0.009641,2027.566
20170707,0.006629,2041.008
20170710,0.000462,2041.95
20170711,0.000169,2042.295
20170712,0.007643,2057.905
20170713,0.001738,2061.483
20170714,0.004846,2071.473
20170717,-0.000012,2071.448
20170718,0.000427,2072.333
20170719,0.005984,2084.734
20170720,-0.000078,2084.572
20170721,-0.000913,2082.669
20170724,-0.000163,2082.329
20170725,0.003605,2089.835
20170726,-0.00021,2089.396
20170727,-0.002277,2084.638
20170728,-0.00121,2082.116
20170731,-0.000965,2080.106
20170801,0.002333,2084.959
20170802,-0.001154,2082.553
20170803,-0.002447,2077.457
20170804,0.002049,2081.715
20170807,0.001388,2084.604
20170808,-0.002904,2078.551
20170809,-0.001557,2075.314
20170810,-0.014884,2044.424
20170811,0.001436,2047.36
20170814,0.00997,2067.773
20170815,-0.001612,2064.44
20170816,0.00184,2068.24
20170817,-0.014863,2037.5
20170818,-0.001311,2034.83
20170821,0.00083,2036.519
20170822,0.009563,2055.993
20170823,-0.002093,2051.689
20170824,-0.001215,2049.196
20170825,0.001813,2052.911
20170828,0.000285,2053.496
20170829,0.000605,2054.738
20170830,0.004538,2064.062
20170831,0.006885,2078.273
20170901,0.002819,2084.132
20170905,-0.007779,2067.92
20170906,0.003207,2074.552
20170907,-0.000405,2073.711
20170908,-0.001329,2070.954
20170911,0.010436,2092.566
20170912,0.003592,2100.083
20170913,0.000668,2101.484
20170914,-0.000935,2099.52
20170915,0.001744,2103.181
20170918,0.001995,2107.376
20170919,0.001118,2109.732
20170920,0.00099,2111.82
20170921,-0.002615,2106.298
20170922,0.001121,2108.66
20170925,-0.001933,2104.585
20170926,0.000203,2105.012
20170927,0.005161,2115.875
20170928,0.001351,2118.733
20170929,0.003285,2125.693
20171002,0.004607,2135.487
20171003,0.002418,2140.651
20171004,0.000752,2142.261
20171005,0.004729,2152.39
20171006,-0.001176,2149.86
20171009,-0.002057,2145.437
20171010,0.0026,2151.015
20171011,0.001962,2155.235
20171012,-0.0017,2151.571
20171013,0.000743,2153.169
20171016,0.001071,2155.474
20171017,-0.000138,2155.176
20171018,0.000939,2157.199
20171019,-0.000169,2156.835
20171020,0.004254,2166.01
20171023,-0.004372,2156.542
20171024,0.001685,2160.175
20171025,-0.005527,2148.235
20171026,0.00157,2151.609
20171027,0.007732,2168.245
20171030,-0.003542,2160.566
20171031,0.001951,2164.781
20171101,0.000679,2166.251
20171102,0.00014,2166.555
20171103,0.002935,2172.913
20171106,0.001919,2177.082
20171107,-0.001802,2173.159
20171108,0.001316,2176.019
20171109,-0.003785,2167.783
20171110,-0.000462,2166.781
20171113,0.000189,2167.19
20171114,-0.002779,2161.167
20171115,-0.005094,2150.159
20171116,0.009147,2169.827
20171117,-0.001043,2167.563
20171120,0.001776,2171.414
20171121,0.006574,2185.689
20171122,-0.000199,2185.254
20171124,0.002158,2189.969
20171127,-0.001564,2186.544
20171128,0.008866,2205.929
20171129,-0.0008,2204.165
20171130,0.007184,2220
20171201,-0.001119,2217.515
20171204,-0.001823,2213.472
20171205,-0.004263,2204.036
20171206,-0.001346,2201.07
20171207,0.003965,2209.797
20171208,0.004987,2220.817
20171211,0.002838,2227.118
20171212,0.000773,2228.84
20171213,0.000386,2229.7
20171214,-0.004566,2219.52
20171215,0.008076,2237.444
20171218,0.006689,2252.411
20171219,-0.003419,2244.71
20171220,-0.000227,2244.201
20171221,0.002474,2249.753
20171222,-0.000293,2249.093
20171226,-0.000256,2248.517
20171227,0.000762,2250.23
20171228,0.002228,2255.244
20171229,-0.005061,2243.831
20180102,0.008565,2263.05
20180103,0.005948,2276.511
20180104,0.003854,2285.284
20180105,0.005895,2298.757
20180108,0.001836,2302.977
20180109,0.000727,2304.652
20180110,-0.001461,2301.286
20180111,0.008312,2320.414
20180112,0.006092,2334.55
20180116,-0.004516,2324.007
20180117,0.00867,2344.157
20180118,-0.002039,2339.376
20180119,0.005432,2352.084
20180122,0.007709,2370.216
20180123,0.002572,2376.313
20180124,-0.001074,2373.761
20180125,0.000123,2374.053
20180126,0.010096,2398.021
20180129,-0.006892,2381.494
20180130,-0.010379,2356.778
20180131,0.000025,2356.837
20180201,-0.000369,2355.968
20180202,-0.021092,2306.276
20180205,-0.038488,2217.513
20180206,0.015347,2251.544
20180207,-0.004001,2242.536
20180208,-0.035351,2163.26
20180209,0.012204,2189.66
20180212,0.013339,2218.867
20180213,0.002915,2225.335
20180214,0.014191,2256.914
20180215,0.010998,2281.735
20180216,0.000207,2282.207
20180220,-0.006301,2267.828
20180221,-0.004461,2257.71
20180222,0.000054,2257.832
20180223,0.014767,2291.173
20180226,0.010057,2314.215
20180227,-0.012658,2284.923
20180228,-0.01127,2259.171
20180301,-0.011105,2234.082
20180302,0.005835,2247.118
20180305,0.010317,2270.301
20180306,0.004075,2279.553
20180307,0.000404,2280.473
20180308,0.003485,2288.419
20180309,0.015951,2324.922
20180312,-0.000195,2324.468
20180313,-0.006308,2309.806
20180314,-0.005009,2298.236
20180315,-0.002299,2292.953
20180316,0.002492,2298.667
20180319,-0.01319,2268.348
20180320,0.001319,2271.34
20180321,0.000217,2271.832
20180322,-0.024232,2216.781
20180323,-0.019636,2173.252
20180326,0.024532,2226.565
20180327,-0.016933,2188.864
20180328,-0.003058,2182.169
20180329,0.013564,2211.769
20180402,-0.021767,2163.626
20180403,0.011661,2188.856
20180404,0.010572,2211.996
20180405,0.007468,2228.514
20180406,-0.020381,2183.094
20180409,0.002588,2188.743
20180410,0.016655,2225.197
20180411,-0.003973,2216.356
20180412,0.007043,2231.966
20180413,-0.003177,2224.875
20180416,0.008174,2243.061
20180417,0.010544,2266.713
20180418,0.001573,2270.277
20180419,-0.005536,2257.709
20180420,-0.007539,2240.688
20180423,-0.000387,2239.82
20180424,-0.01172,2213.569
20180425,0.000872,2215.498
20180426,0.009167,2235.809
20180427,0.000536,2237.007
20180430,-0.007413,2220.425
20180501,0.002343,2225.626
20180502,-0.00572,2212.896
20180503,-0.002488,2207.392
20180504,0.012385,2234.73
20180507,0.004181,2244.073
20180508,0.000361,2244.884
20180509,0.008746,2264.518
20180510,0.008451,2283.655
20180511,0.001292,2286.605
20180514,0.000714,2288.237
20180515,-0.005701,2275.192
20180516,0.004628,2285.721
20180517,0.000153,2286.071
20180518,-0.002343,2280.713
20180521,0.007037,2296.763
20180522,-0.003594,2288.509
20180523,0.002435,2294.083
20180524,-0.001905,2289.713
20180525,-0.002303,2284.439
20180529,-0.010013,2261.566
20180530,0.013107,2291.209
20180531,-0.006779,2275.677
20180601,0.009732,2297.823
20180604,0.004534,2308.241
20180605,0.001505,2311.715
20180606,0.008031,2330.28
20180607,-0.001224,2327.428
20180608,0.003007,2334.428
20180611,0.001504,2337.938
20180612,0.002049,2342.729
20180613,-0.00367,2334.13
20180614,0.002436,2339.815
20180615,-0.001622,2336.02
20180618,-0.000646,2334.511
20180619,-0.004156,2324.809
20180620,0.00277,2331.248
20180621,-0.007022,2314.879
20180622,0.002156,2319.869
20180625,-0.01466,2285.86
20180626,0.003024,2292.771
20180627,-0.009859,2270.166
20180628,0.005496,2282.643
20180629,0.00142,2285.884
20180702,0.002382,2291.328
20180703,-0.003124,2284.169
20180705,0.008456,2303.485
20180706,0.008454,2322.958
20180709,0.008215,2342.041
20180710,0.002361,2347.57
20180711,-0.007304,2330.423
20180712,0.008279,2349.715
20180713,0.000721,2351.408
20180716,-0.001864,2347.025
20180717,0.003939,2356.271
20180718,0.002554,2362.289
20180719,-0.002585,2356.182
20180720,-0.001166,2353.434
20180723,0.001103,2356.029
20180724,0.001895,2360.495
20180725,0.008293,2380.07
20180726,-0.001583,2376.302
20180727,-0.007891,2357.551
20180730,-0.005879,2343.689
20180731,0.005566,2356.735
20180801,-0.001213,2353.875
20180802,0.005668,2367.217
20180803,0.003109,2374.577
20180806,0.003954,2383.965
20180807,0.002161,2389.117
20180808,-0.000248,2388.526
20180809,-0.000459,2387.428
20180810,-0.00647,2371.981
20180813,-0.004676,2360.891
20180814,0.006592,2376.454
20180815,-0.009156,2354.696
20180816,0.007874,2373.238
20180817,0.003745,2382.125
20180820,0.002771,2388.725
20180821,0.003023,2395.945
20180822,0.000675,2397.563
20180823,-0.00239,2391.832
20180824,0.006226,2406.725
20180827,0.007094,2423.799
20180828,-0.000359,2422.929
20180829,0.005196,2435.519
20180830,-0.004512,2424.53
20180831,0.000197,2425.008
20180904,-0.002165,2419.757
20180905,-0.003547,2411.174
20180906,-0.004335,2400.721
20180907,-0.002363,2395.047
20180910,0.00234,2400.652
20180911,0.003287,2408.543
20180912,0.000767,2410.391
20180913,0.004037,2420.122
20180914,0.000784,2422.021
20180917,-0.006146,2407.135
20180918,0.005482,2420.332
20180919,0.00048,2421.493
20180920,0.007844,2440.487
20180921,-0.001102,2437.798
20180924,-0.003674,2428.841
20180925,-0.000626,2427.32
20180926,-0.004128,2417.301
20180927,0.002233,2422.698
20180928,0.00006,2422.843
20181001,0.00185,2427.325
20181002,-0.002281,2421.789
20181003,0.001737,2425.996
20181004,-0.009499,2402.952
20181005,-0.006165,2388.139
20181008,-0.001397,2384.803
20181009,-0.002011,2380.008
20181010,-0.031902,2304.081
20181011,-0.019085,2260.108
20181012,0.01246,2288.269
20181015,-0.003798,2279.579
20181016,0.021735,2329.126
20181017,-0.001333,2326.022
20181018,-0.014841,2291.502
20181019,-0.001944,2287.049
20181022,-0.003994,2277.914
20181023,-0.006021,2264.198
20181024,-0.031149,2193.671
20181025,0.017759,2232.628
20181026,-0.015874,2197.188
20181029,-0.007197,2181.374
20181030,0.015631,2215.47
20181031,0.010729,2239.24
20181101,0.012943,2268.223
20181102,-0.005106,2256.642
20181105,0.004448,2266.68
20181106,0.005748,2279.709
20181107,0.019545,2324.265
20181108,-0.003222,2316.776
20181109,-0.009925,2293.781
20181112,-0.01918,2249.786
20181113,-0.001299,2246.863
20181114,-0.007053,2231.017
20181115,0.010672,2254.827
20181116,0.001961,2259.25
20181119,-0.016972,2220.906
20181120,-0.018212,2180.458
20181121,0.00609,2193.738
20181123,-0.005651,2181.34
20181126,0.014763,2213.544
20181127,0.000455,2214.551
20181128,0.022597,2264.593
20181129,-0.001955,2260.166
20181130,0.006899,2275.759
20181203,0.011441,2301.796
20181204,-0.032314,2227.417
20181206,-0.002083,2222.777
20181207,-0.021597,2174.771
20181210,-0.000127,2174.495
20181211,-0.000849,2172.648
20181212,0.006284,2186.301
20181213,-0.002385,2181.086
20181214,-0.017494,2142.93
20181217,-0.021423,2097.022
20181218,-0.000308,2096.377
20181219,-0.015072,2064.78
20181220,-0.015858,2032.036
20181221,-0.021026,1989.31
20181224,-0.024781,1940.013
20181226,0.047928,2032.995
20181227,0.006839,2046.898
20181228,-0.000214,2046.46
20181231,0.008272,2063.388
20190102,0.001902,2067.313
20190103,-0.021766,2022.317
20190104,0.033959,2090.991
20190107,0.009411,2110.671
20190108,0.010404,2132.63
20190109,0.005894,2145.2
20190110,0.004527,2154.912
20190111,-0.0001,2154.695
20190114,-0.005592,2142.647
20190115,0.01,2164.074
20190116,0.003128,2170.844
20190117,0.007125,2186.312
20190118,0.012196,2212.978
20190122,-0.014379,2181.156
20190123,0.001205,2183.785
20190124,0.002766,2189.825
20190125,0.009573,2210.788
20190128,-0.006602,2196.192
20190129,-0.001059,2193.866
20190130,0.014392,2225.441
20190131,0.008444,2244.232
20190201,0.001412,2247.401
20190204,0.006775,2262.628
20190205,0.004366,2272.506
20190206,-0.002583,2266.635
20190207,-0.009063,2246.092
20190208,0.000422,2247.039
20190211,0.001286,2249.93
20190212,0.012493,2278.038
20190213,0.002821,2284.463
20190214,-0.00188,2280.168
20190215,0.010882,2304.981
20190219,0.002235,2310.132
20190220,0.001931,2314.592
20190221,-0.003615,2306.226
20190222,0.006344,2320.857
20190225,0.001228,2323.706
20190226,-0.001534,2320.142
20190227,0.000488,2321.276
20190228,-0.003061,2314.171
20190301,0.006141,2328.383
20190304,-0.004357,2318.239
20190305,-0.001448,2314.882
20190306,-0.007903,2296.588
20190307,-0.007675,2278.963
20190308,-0.00204,2274.313
20190311,0.014519,2307.333
20190312,0.002703,2313.57
20190313,0.006449,2328.489
20190314,-0.001293,2325.478
20190315,0.004456,2335.841
20190318,0.004459,2346.256
20190319,-0.000734,2344.534
20190320,-0.003282,2336.84
20190321,0.010452,2361.263
20190322,-0.020578,2312.674
20190325,-0.000473,2311.581
20190326,0.007844,2329.712
20190327,-0.004769,2318.603
20190328,0.003904,2327.656
20190329,0.00605,2341.738
20190401,0.011316,2368.238
20190402,-0.000168,2367.84
20190403,0.002526,2373.821
20190404,0.001731,2377.93
20190405,0.005142,2390.158
20190408,0.00108,2392.74
20190409,-0.006626,2376.884
20190410,0.004727,2388.119
20190411,-0.000016,2388.081
20190412,0.006438,2403.456
20190415,-0.00102,2401.005
20190416,0.000711,2402.711
20190417,-0.003175,2395.083
20190418,0.001069,2397.642
20190422,0.000655,2399.213
20190423,0.008991,2420.784
20190424,-0.002085,2415.736
20190425,-0.001413,2412.322
20190426,0.005375,2425.288
20190429,0.001419,2428.73
20190430,0.000277,2429.404
20190501,-0.007639,2410.845
20190502,-0.001809,2406.485
20190503,0.010906,2432.73
20190506,-0.003911,2423.215
20190507,-0.016309,2383.694
20190508,-0.001658,2379.74
20190509,-0.002977,2372.655
20190510,0.003742,2381.534
20190513,-0.024814,2322.439
20190514,0.00888,2343.063
20190515,0.005727,2356.481
20190516,0.008482,2376.468
20190517,-0.006851,2360.188
20190520,-0.006669,2344.448
20190521,0.008964,2365.464
20190522,-0.003847,2356.365
20190523,-0.012994,2325.747
20190524,0.002597,2331.787
20190528,-0.007584,2314.103
20190529,-0.007115,2297.638
20190530,0.001175,2300.337
20190531,-0.01223,2272.203
20190603,-0.002541,2266.429
20190604,0.021296,2314.694
20190605,0.006594,2329.956
20190606,0.004999,2341.605
20190607,0.009741,2364.414
20190610,0.004906,2376.013
20190611,-0.000778,2374.165
20190612,-0.001877,2369.709
20190613,0.004626,2380.672
20190614,-0.002763,2374.093
20190617,0.001593,2377.875
20190618,0.009912,2401.444
20190619,0.00372,2410.378
20190620,0.008689,2431.322
20190621,-0.002521,2425.192
20190624,-0.00303,2417.844
20190625,-0.009112,2395.812
20190626,-0.001067,2393.256
20190627,0.005642,2406.759
20190628,0.006725,2422.944
20190701,0.006729,2439.249
20190702,0.001998,2444.122
20190703,0.007641,2462.797
20190705,-0.001105,2460.077
20190708,-0.005421,2446.74
20190709,0.001654,2450.787
20190710,0.004043,2460.696
20190711,0.001367,2464.059
20190712,0.004646,2475.508
20190715,-0.000173,2475.08
20190716,-0.003004,2467.645
20190717,-0.005766,2453.416
20190718,0.003223,2461.324
20190719,-0.005721,2447.243
20190722,0.002347,2452.988
20190723,0.006319,2468.488
20190724,0.006024,2483.358
20190725,-0.00642,2467.415
20190726,0.007468,2485.841
20190729,-0.002786,2478.917
20190730,-0.001425,2475.385
20190731,-0.010114,2450.348
20190801,-0.009477,2427.126
20190802,-0.007992,2407.728
20190805,-0.028902,2338.139
20190806,0.011965,2366.115
20190807,0.001181,2368.91
20190808,0.018575,2412.912
20190809,-0.007368,2395.133
20190812,-0.012381,2365.479
20190813,0.013537,2397.501
20190814,-0.028486,2329.206
20190815,0.001512,2332.727
20190816,0.015004,2367.727
20190819,0.010871,2393.467
20190820,-0.007029,2376.644
20190821,0.008006,2395.672
20190822,-0.001001,2393.274
20190823,-0.024794,2333.936
20190826,0.010077,2357.456
20190827,-0.003974,2348.088
20190828,0.00639,2363.093
20190829,0.012617,2392.907
20190830,0.000505,2394.116
20190903,-0.007551,2376.038
20190904,0.010705,2401.473
20190905,0.012531,2431.565
20190906,0.00021,2432.075
20190909,0.000467,2433.211
20190910,0.001231,2436.206
20190911,0.008161,2456.087
20190912,0.00223,2461.565
20190913,-0.000643,2459.982
20190916,-0.001315,2456.746
20190917,0.002174,2462.087
20190918,-0.000694,2460.379
20190919,-0.000193,2459.903
20190920,-0.004297,2449.333
20190923,-0.000168,2448.922
20190924,-0.009493,2425.674
20190925,0.005903,2439.993
20190926,-0.003273,2432.006
20190927,-0.005961,2417.509
20190930,0.004506,2428.402
20191001,-0.012809,2397.295
20191002,-0.016452,2357.855
20191003,0.007524,2375.596
20191004,0.012892,2406.223
20191007,-0.003913,2396.807
20191008,-0.015415,2359.861
20191009,0.008253,2379.337
20191010,0.005662,2392.808
20191011,0.011452,2420.211
20191014,-0.001638,2416.246
20191015,0.009294,2438.703
20191016,-0.002075,2433.643
20191017,0.003661,2442.551
20191018,-0.003848,2433.153
20191021,0.00676,2449.6
20191022,-0.003467,2441.107
20191023,0.002299,2446.719
20191024,0.002395,2452.58
20191025,0.004125,2462.697
20191028,0.005372,2475.927
20191029,-0.00061,2474.416
20191030,0.002694,2481.083
20191031,-0.003658,2472.007
20191101,0.01019,2497.197
