,Unnamed: 0,# of alphabetic,# of digits,# of numbers,% constraining,% litigious,% modal moderate,% modal strong,% modal-weak,% negative,% positive,% uncertainty,average word length,avg # of syllables per word,cik,co_conm,co_tic,company name,conformed period of report,date as of change,excess_return,file name,file size,filed as of date,number of words,vocabulary
0,0,392978,11113,3737,0,0,0,0,0,1.644240721573266,4.882448617477451,0,4.687357681502292,0,1103982,MONDELEZ INTERNATIONAL INC,mdlz,KRAFT FOODS INC,20091231,20100225,-0.002216001851964995,../Data/filtered_textdata/2010/QTR1/20100225_10-K_edgar_data_1103982_0001193125-10-040106_1.txt,521909,2010-02-25,33815,1117
1,1,499080,11629,4300,0,0,0,0,0,2.221687905746573,4.907429670593894,0,4.945804279874969,0,18230,CATERPILLAR INC,cat,CATERPILLAR INC,20091231,20100219,-0.0280760905219036,../Data/filtered_textdata/2010/QTR1/20100219_10-K_edgar_data_18230_0000018230-10-000092_1.txt,679447,2010-02-19,41590,1241
2,2,382849,8883,3412,0,0,0,0,0,2.02315624434662,4.833262980160405,0,4.84686124344208,0,104169,WALMART INC,wmt,WAL MART STORES INC,20100131,20100330,-0.01322134776082017,../Data/filtered_textdata/2010/QTR1/20100330_10-K_edgar_data_104169_0001193125-10-071652_1.txt,497672,2010-03-30,33166,1115
3,3,425869,12871,4201,0,0,0,0,0,2.195052601649133,5.422234859255047,0,4.834489621836792,0,66740,3M CO,mmm,3M CO,20091231,20100216,0.01382832084465005,../Data/filtered_textdata/2010/QTR1/20100216_10-K_edgar_data_66740_0001104659-10-007295_1.txt,547681,2010-02-16,35170,1203
4,4,371730,9252,3048,0,0,0,0,0,2.170850409836066,4.88921618852459,0,4.62413550204918,0,50863,INTEL CORP,intc,INTEL CORP,20091226,20100222,-0.01724699016289764,../Data/filtered_textdata/2010/QTR1/20100222_10-K_edgar_data_50863_0000950123-10-015237_1.txt,497412,2010-02-22,31232,1088
5,5,155830,6055,2018,0,0,0,0,0,1.55420773313116,5.511751326762699,0,4.739044730856709,0,354950,HOME DEPOT INC,hd,HOME DEPOT INC,20100131,20100325,-0.003537522832439091,../Data/filtered_textdata/2010/QTR1/20100325_10-K_edgar_data_354950_0001193125-10-067178_1.txt,207048,2010-03-25,13190,806
6,6,2003823,32921,13275,0,0,0,0,0,1.83432540778125,4.904970679506576,0,4.725221146094466,0,70858,BANK OF AMERICA CORP,bac,BANK OF AMERICA CORP /DE/,20091231,20100226,-0.02263357266541475,../Data/filtered_textdata/2010/QTR1/20100226_10-K_edgar_data_70858_0001193125-10-041666_1.txt,2623089,2010-02-26,181102,1689
7,7,434244,11161,3785,0,0,0,0,0,1.673822074887234,5.02690071191783,0,5.012716700179338,0,101829,RAYTHEON TECHNOLOGIES CORP,rtx,UNITED TECHNOLOGIES CORP /DE/,20091231,20100211,0.01029472427504813,../Data/filtered_textdata/2010/QTR1/20100211_10-K_edgar_data_101829_0001193125-10-027861_1.txt,562664,2010-02-11,36802,1051
8,8,316093,8393,2894,0,0,0,0,0,1.416109220357548,5.112858428197003,0,4.975159410084887,0,34088,EXXON MOBIL CORP,xom,EXXON MOBIL CORP,20091231,20100526,0.0009124572620244726,../Data/filtered_textdata/2010/QTR1/20100226_10-K_edgar_data_34088_0001193125-10-042929_1.txt,421751,2010-02-26,25563,1121
9,9,588311,16437,5658,0,0,0,0,0,1.468202465931213,4.767602206359506,0,4.824038773523687,0,51143,INTL BUSINESS MACHINES CORP,ibm,INTERNATIONAL BUSINESS MACHINES CORP,20091231,20100223,-0.0001606062450548347,../Data/filtered_textdata/2010/QTR1/20100223_10-K_edgar_data_51143_0001047469-10-001151_1.txt,762948,2010-02-23,49312,1219
10,10,359662,9651,3139,0,0,0,0,0,1.544243252476939,5.729415784079263,0,4.749231294841135,0,732712,VERIZON COMMUNICATIONS INC,vz,VERIZON COMMUNICATIONS INC,20091231,20100226,0.001208427466082713,../Data/filtered_textdata/2010/QTR1/20100226_10-K_edgar_data_732712_0001193125-10-041685_1.txt,461403,2010-02-26,29270,1127
11,11,197397,5886,1968,0,0,0,0,0,1.659027822606675,5.435414111419535,0,4.745336001549287,0,63908,MCDONALD'S CORP,mcd,MCDONALDS CORP,20091231,20100226,-0.009132339522882088,../Data/filtered_textdata/2010/QTR1/20100226_10-K_edgar_data_63908_0001193125-10-042025_1.txt,259790,2010-02-26,15491,874
12,12,299454,9589,3212,0,0,0,0,0,2.239359947212141,5.084955460244144,0,4.835821511052458,0,12927,BOEING CO,ba,BOEING CO,20091231,20100208,0.0399040832920869,../Data/filtered_textdata/2010/QTR1/20100208_10-K_edgar_data_12927_0001193125-10-024406_1.txt,394742,2010-02-08,24248,1153
13,13,894491,19990,6966,0,0,0,0,0,2.205703318580902,5.09316948108681,0,4.681648261934432,0,19617,JPMORGAN CHASE & CO,jpm,J P MORGAN CHASE & CO,20091231,20100224,0.01802596590453999,../Data/filtered_textdata/2010/QTR1/20100224_10-K_edgar_data_19617_0000950123-10-016029_1.txt,1133725,2010-02-24,69819,1404
14,14,1163807,21359,7593,0,0,0,0,0,2.024471186338097,6.154109969032753,0,4.633850126592495,0,40545,GENERAL ELECTRIC CO,ge,GENERAL ELECTRIC CO,20091231,20100219,-0.008777719810764913,../Data/filtered_textdata/2010/QTR1/20100219_10-K_edgar_data_40545_0000040545-10-000010_1.txt,1490499,2010-02-19,99137,1516
15,15,821727,16797,5797,0,0,0,0,0,3.844632313079662,5.800647609558834,0,4.816764589529824,0,86312,TRAVELERS COS INC,trv,"TRAVELERS COMPANIES, INC.",20091231,20100218,-0.01291257567476439,../Data/filtered_textdata/2010/QTR1/20100218_10-K_edgar_data_86312_0001047469-10-000972_1.txt,1056541,2010-02-18,68251,1353
16,16,594288,11936,4178,0,0,0,0,0,2.025646598565529,5.296674635948706,0,4.732905890023908,0,4962,AMERICAN EXPRESS CO,axp,AMERICAN EXPRESS CO,20091231,20100225,-0.003326857236653336,../Data/filtered_textdata/2010/QTR1/20100226_10-K_edgar_data_4962_0001193125-10-041232_1.txt,763286,2010-02-26,46010,1362
17,17,1004734,23784,8362,0,0,0,0,0,2.199315924027877,5.3850553914759,0,4.820295810326511,0,310158,MERCK & CO,mrk,MERCK & CO. INC.,20091231,20100301,-0.009175217295717141,../Data/filtered_textdata/2010/QTR1/20100301_10-K_edgar_data_310158_0000950123-10-018679_1.txt,1330086,2010-03-01,85663,1513
18,18,536260,10820,3519,0,0,0,0,0,2.247165635304214,5.253173133384525,0,4.723609919147206,0,78003,PFIZER INC,pfe,PFIZER INC,20091231,20100226,-0.01887306889723345,../Data/filtered_textdata/2010/QTR1/20100226_10-K_edgar_data_78003_0001193125-10-042425_1.txt,699568,2010-02-26,44278,1384
19,19,380049,13163,4327,0,0,0,0,0,1.960036849963468,4.228215635820706,0,4.662473394961721,0,93410,CHEVRON CORP,cvx,CHEVRON CORP,20091231,20100225,0.01095957472494197,../Data/filtered_textdata/2010/QTR1/20100225_10-K_edgar_data_93410_0000950123-10-016846_1.txt,499206,2010-02-25,31479,1166
20,20,760886,12957,4603,0,0,0,0,0,1.657602031247746,4.920870782059236,0,4.752888901712423,0,732717,AT&T INC,t,AT&T INC.,20100225,20100225,-0.001249778621108266,../Data/filtered_textdata/2010/QTR1/20100225_10-K_edgar_data_732717_0000732717-10-000013_1.txt,979122,2010-02-25,69317,1322
21,21,216852,6911,2339,0,0,0,0,0,1.913370113863129,4.636694447705128,0,4.807136987909379,0,200406,JOHNSON & JOHNSON,jnj,JOHNSON & JOHNSON,20100103,20100301,-0.002845293741756386,../Data/filtered_textdata/2010/QTR1/20100301_10-K_edgar_data_200406_0000950123-10-019392_1.txt,283495,2010-03-01,17038,909
22,22,488128,11898,4297,0,0,0,0,0,1.854095976732913,5.058167716917112,0,4.716359670382936,0,21344,COCA-COLA CO,ko,COCA COLA CO,20091231,20100226,0.01701121893769095,../Data/filtered_textdata/2010/QTR1/20100226_10-K_edgar_data_21344_0001047469-10-001476_1.txt,628859,2010-02-26,41260,1228
23,23,752165,12709,4481,0,0,0,0,0,1.625710590429212,5.353866514271964,0,4.61118296387644,0,858877,CISCO SYSTEMS INC,csco,CISCO SYSTEMS INC,20100731,20100921,0.01490012378049286,../Data/filtered_textdata/2010/QTR3/20100921_10-K_edgar_data_858877_0001193125-10-213400_1.txt,973589,2010-09-21,66494,1253
24,24,304039,6474,2275,0,0,0,0,0,2.325674646136573,6.419663980111473,0,4.754881911864952,0,789019,MICROSOFT CORP,msft,MICROSOFT CORP,20100630,20100730,-0.008785402930682699,../Data/filtered_textdata/2010/QTR3/20100730_10-K_edgar_data_789019_0001193125-10-171791_1.txt,390648,2010-07-30,24939,1067
25,25,295885,5797,2153,0,0,0,0,0,1.779344496202107,6.16895379579504,0,4.768601284149566,0,80424,PROCTER & GAMBLE CO,pg,PROCTER & GAMBLE CO,20100630,20100813,0.009746006727921197,../Data/filtered_textdata/2010/QTR3/20100813_10-K_edgar_data_80424_0001193125-10-188769_1.txt,385967,2010-08-13,23829,1132
26,26,576978,9971,3535,0,0,0,0,0,2.136900981376386,5.140445409658055,0,4.715441824253722,0,47217,HP INC,hpq,HEWLETT PACKARD CO,20101031,20110518,0.01020014124018299,../Data/filtered_textdata/2010/QTR4/20101215_10-K_edgar_data_47217_0001047469-10-010444_1.txt,742414,2010-12-15,48809,1375
0,0,308526,8315,2701,0,0,0,0,0,2.14479318065758,5.456259574969557,0,4.613426562438622,0,50863,INTEL CORP,intc,INTEL CORP,20101225,20110218,-0.04853437709247711,../Data/filtered_textdata/2011/QTR1/20110218_10-K_edgar_data_50863_0000950123-11-015783_1.txt,414019,2011-02-18,25457,1032
1,1,329185,10673,3407,0,0,0,0,0,2.379294336118849,5.725781491798205,0,4.797740637573507,0,66740,3M CO,mmm,3M CO,20101231,20110216,-0.01296647862760073,../Data/filtered_textdata/2011/QTR1/20110216_10-K_edgar_data_66740_0001104659-11-007845_1.txt,432278,2011-02-16,25848,1081
2,2,830914,14974,5279,0,0,0,0,0,2.124536801569425,5.253215142047519,0,4.69404926251544,0,4962,AMERICAN EXPRESS CO,axp,AMERICAN EXPRESS CO,20101231,20110225,0.007229958784164658,../Data/filtered_textdata/2011/QTR1/20110228_10-K_edgar_data_4962_0000950123-11-019072_1.txt,1092691,2011-02-28,68815,1558
3,3,219598,6629,2257,0,0,0,0,0,2.40228013029316,4.542810609585853,0,4.830967892042811,0,200406,JOHNSON & JOHNSON,jnj,JOHNSON & JOHNSON,20110102,20110224,0.01004180507155676,../Data/filtered_textdata/2011/QTR1/20110225_10-K_edgar_data_200406_0000950123-11-018128_1.txt,298536,2011-02-25,17192,930
4,4,176016,6228,2075,0,0,0,0,0,1.817213605804433,6.110630366770952,0,4.720961192837648,0,354950,HOME DEPOT INC,hd,HOME DEPOT INC,20110130,20110324,-0.000326035602933504,../Data/filtered_textdata/2011/QTR1/20110324_10-K_edgar_data_354950_0001193125-11-076501_1.txt,231321,2011-03-24,15023,896
5,5,453693,9019,3229,0,0,0,0,0,1.81671376665321,4.584679047234559,0,4.732110415825597,0,732717,AT&T INC,t,AT&T INC.,20101231,20110228,-0.01509991495706288,../Data/filtered_textdata/2011/QTR1/20110301_10-K_edgar_data_732717_0000732717-11-000014_1.txt,574588,2011-03-01,39632,1247
6,6,345043,9708,3157,0,0,0,0,0,1.81471898806957,5.041684634181401,0,4.917169757079201,0,101829,RAYTHEON TECHNOLOGIES CORP,rtx,UNITED TECHNOLOGIES CORP /DE/,20101231,20110210,-0.00726365977171094,../Data/filtered_textdata/2011/QTR1/20110210_10-K_edgar_data_101829_0001193125-11-029695_1.txt,447130,2011-02-10,27828,1041
7,7,356829,8221,3037,0,0,0,0,0,1.753988544060063,4.287887123394065,0,4.707452833241644,0,104169,WALMART INC,wmt,WAL MART STORES INC,20110131,20110330,-0.003863039663346684,../Data/filtered_textdata/2011/QTR1/20110330_10-K_edgar_data_104169_0001193125-11-083157_1.txt,464083,2011-03-30,30901,1151
8,8,890546,20522,7169,0,0,0,0,0,2.333417074288079,5.225435576113139,0,4.662858916195008,0,19617,JPMORGAN CHASE & CO,jpm,J P MORGAN CHASE & CO,20101231,20110228,-0.02253638745985754,../Data/filtered_textdata/2011/QTR1/20110228_10-K_edgar_data_19617_0000950123-11-019773_1.txt,1128125,2011-02-28,67669,1304
9,9,655159,14748,5417,0,0,0,0,0,1.656032690515449,5.014696394006738,0,4.727991253853324,0,21344,COCA-COLA CO,ko,COCA COLA CO,20101231,20110228,0.01609989029821116,../Data/filtered_textdata/2011/QTR1/20110228_10-K_edgar_data_21344_0001047469-11-001506_1.txt,852432,2011-02-28,55796,1307
10,10,1351968,30396,11060,0,0,0,0,0,2.33952225643642,5.125448681741158,0,4.800703314323196,0,70858,BANK OF AMERICA CORP,bac,BANK OF AMERICA CORP /DE/,20101231,20120130,-0.03506953414403917,../Data/filtered_textdata/2011/QTR1/20110225_10-K_edgar_data_70858_0000950123-11-018743_1.txt,1791618,2011-02-25,109766,1675
11,11,198912,5335,1774,0,0,0,0,0,1.502758227125737,5.319890939065373,0,4.781180648024857,0,63908,MCDONALD'S CORP,mcd,MCDONALDS CORP,20101231,20110225,-0.006033072413318252,../Data/filtered_textdata/2011/QTR1/20110225_10-K_edgar_data_63908_0001193125-11-046701_1.txt,259395,2011-02-25,15771,888
12,12,446219,13090,4382,0,0,0,0,0,1.350541073009165,4.665505524940753,0,4.814293464294892,0,51143,INTL BUSINESS MACHINES CORP,ibm,INTERNATIONAL BUSINESS MACHINES CORP,20101231,20110222,-0.007350372915723586,../Data/filtered_textdata/2011/QTR1/20110222_10-K_edgar_data_51143_0001047469-11-001117_1.txt,585042,2011-02-22,35023,1087
13,13,568986,13350,4910,0,0,0,0,0,2.188765444917454,4.653722354895648,0,4.866452081819125,0,18230,CATERPILLAR INC,cat,CATERPILLAR INC,20101231,20110222,-0.00948383421354844,../Data/filtered_textdata/2011/QTR1/20110222_10-K_edgar_data_18230_0001104659-11-008938_1.txt,779895,2011-02-22,48155,1316
14,14,751983,18451,6474,0,0,0,0,0,1.977683602368141,5.667984064250909,0,4.813516816659523,0,310158,MERCK & CO,mrk,MERCK & CO. INC.,20101231,20110228,0.006755791224775626,../Data/filtered_textdata/2011/QTR1/20110228_10-K_edgar_data_310158_0000950123-11-019286_1.txt,995691,2011-02-28,63003,1379
15,15,555476,13094,4152,0,0,0,0,0,2.421382260838884,5.32351254796454,0,4.772173951395934,0,78003,PFIZER INC,pfe,PFIZER INC,20101231,20110228,0.01778789050948448,../Data/filtered_textdata/2011/QTR1/20110228_10-K_edgar_data_78003_0001193125-11-048877_1.txt,724669,2011-02-28,45346,1355
16,16,294099,8844,2992,0,0,0,0,0,1.960453644757367,4.991778742780049,0,4.85661284202538,0,12927,BOEING CO,ba,BOEING CO,20101231,20110209,-0.01449273661175741,../Data/filtered_textdata/2011/QTR1/20110209_10-K_edgar_data_12927_0001193125-11-028490_1.txt,386057,2011-02-09,23719,1094
17,17,747085,15531,5347,0,0,0,0,0,3.998369343660824,5.689359967386872,0,4.809147982062782,0,86312,TRAVELERS COS INC,trv,"TRAVELERS COMPANIES, INC.",20101231,20110217,0.001263398875501153,../Data/filtered_textdata/2011/QTR1/20110217_10-K_edgar_data_86312_0001047469-11-001001_1.txt,962876,2011-02-17,61325,1304
18,18,543153,16165,5676,0,0,0,0,0,1.861169241729374,5.118215414755777,0,4.78093414666726,0,40545,GENERAL ELECTRIC CO,ge,GENERAL ELECTRIC CO,20101231,20110225,-0.0336940940386376,../Data/filtered_textdata/2011/QTR1/20110225_10-K_edgar_data_40545_0001193125-11-047479_1.txt,706014,2011-02-25,44918,1253
19,19,383339,9395,3168,0,0,0,0,0,1.361941477595905,5.883839979776275,0,4.785944511154649,0,732712,VERIZON COMMUNICATIONS INC,vz,VERIZON COMMUNICATIONS INC,20101231,20111110,-0.0246701425507423,../Data/filtered_textdata/2011/QTR1/20110228_10-K_edgar_data_732712_0001193125-11-049476_1.txt,494161,2011-02-28,31646,1194
20,20,384274,13679,4391,0,0,0,0,0,2.002214138858137,3.906373556855923,0,4.652917918709472,0,93410,CHEVRON CORP,cvx,CHEVRON CORP,20101231,20110224,-0.0008950686613657683,../Data/filtered_textdata/2011/QTR1/20110224_10-K_edgar_data_93410_0000950123-11-017688_1.txt,504079,2011-02-24,31615,1094
21,21,440784,10065,3474,0,0,0,0,0,1.857837340691105,5.494678754434371,0,4.882722375509132,0,1103982,MONDELEZ INTERNATIONAL INC,mdlz,KRAFT FOODS INC,20101231,20110228,-0.01032812112691772,../Data/filtered_textdata/2011/QTR1/20110228_10-K_edgar_data_1103982_0001193125-11-048979_1.txt,576775,2011-02-28,38055,1198
22,22,247398,7529,2656,0,0,0,0,0,1.588265048052605,4.638340920586749,0,4.973545776428931,0,34088,EXXON MOBIL CORP,xom,EXXON MOBIL CORP,20101231,20120308,-0.01243715709657453,../Data/filtered_textdata/2011/QTR1/20110225_10-K_edgar_data_34088_0001193125-11-047394_1.txt,328559,2011-02-25,19770,975
23,23,268785,5053,1863,0,0,0,0,0,1.894977168949772,5.680365296803652,0,4.712146118721461,0,80424,PROCTER & GAMBLE CO,pg,PROCTER & GAMBLE CO,20110630,20110810,0.04661360439642252,../Data/filtered_textdata/2011/QTR3/20110810_10-K_edgar_data_80424_0000080424-11-000014_1.txt,347959,2011-08-10,21900,1031
24,24,644166,12171,4202,0,0,0,0,0,1.838577879721884,5.530069529066017,0,4.605942226363703,0,858877,CISCO SYSTEMS INC,csco,CISCO SYSTEMS INC,20110730,20110914,0.001576295839525624,../Data/filtered_textdata/2011/QTR3/20110914_10-K_edgar_data_858877_0001193125-11-247394_1.txt,831803,2011-09-14,55804,1246
25,25,255957,5618,2003,0,0,0,0,0,2.20917360542908,5.934446743995764,0,4.853058670645424,0,789019,MICROSOFT CORP,msft,MICROSOFT CORP,20110630,20110728,-0.04313836814472247,../Data/filtered_textdata/2011/QTR3/20110728_10-K_edgar_data_789019_0001193125-11-200680_1.txt,328782,2011-07-28,20777,1027
26,26,403461,8831,3042,0,0,0,0,0,2.224872124768569,4.948693005303292,0,4.872783757492076,0,47217,HP INC,hpq,HEWLETT PACKARD CO,20111031,20111214,-0.05793007022363621,../Data/filtered_textdata/2011/QTR4/20111214_10-K_edgar_data_47217_0001047469-11-010094_1.txt,523595,2011-12-14,31867,1217
0,0,1347146,19577,6881,0,0,0,0,0,2.656272820213232,6.061961442967722,0,4.741465240251205,0,19617,JPMORGAN CHASE & CO,jpm,JPMORGAN CHASE & CO,20111231,20120229,0.01082750754348586,../Data/filtered_textdata/2012/QTR1/20120229_10-K_edgar_data_19617_0000019617-12-000163_1.txt,1730322,2012-02-29,109552,1436
1,1,341839,12198,3924,0,0,0,0,0,1.949791093811377,3.942434739135093,0,4.67924865193015,0,93410,CHEVRON CORP,cvx,CHEVRON CORP,20111231,20120223,-0.006743733483938929,../Data/filtered_textdata/2012/QTR1/20120223_10-K_edgar_data_93410_0000950123-12-002976_1.txt,448448,2012-02-23,28003,1105
2,2,146633,5675,1865,0,0,0,0,0,1.547059776445812,5.726551109671147,0,4.708812570873158,0,354950,HOME DEPOT INC,hd,HOME DEPOT INC,20120129,20120322,-0.01108518984716781,../Data/filtered_textdata/2012/QTR1/20120322_10-K_edgar_data_354950_0000354950-12-000003_1.txt,195031,2012-03-22,12346,784
3,3,930852,21967,7789,0,0,0,0,0,1.727994002623852,5.288936090460424,0,4.91541200724683,0,310158,MERCK & CO,mrk,MERCK & CO. INC.,20111231,20120828,-0.03009991921546386,../Data/filtered_textdata/2012/QTR1/20120228_10-K_edgar_data_310158_0001193125-12-084319_1.txt,1213158,2012-02-28,80035,1373
4,4,333272,7057,2371,0,0,0,0,0,1.650099403578529,8.294234592445328,0,4.908429423459244,0,731766,UNITEDHEALTH GROUP INC,unh,UNITEDHEALTH GROUP INC,20111231,20120208,0.00773723171654829,../Data/filtered_textdata/2012/QTR1/20120209_10-K_edgar_data_731766_0000731766-12-000009_1.txt,434279,2012-02-09,25150,1075
5,5,780838,14084,5029,0,0,0,0,0,2.191767815036952,5.323542909591557,0,4.821984143311547,0,4962,AMERICAN EXPRESS CO,axp,AMERICAN EXPRESS CO,20111231,20120224,-0.02659021201120003,../Data/filtered_textdata/2012/QTR1/20120224_10-K_edgar_data_4962_0001193125-12-077400_1.txt,996728,2012-02-24,63191,1492
6,6,606923,13900,5052,0,0,0,0,0,1.691968941939969,4.954224127940665,0,4.644010507204388,0,21344,COCA-COLA CO,ko,COCA COLA CO,20111231,20120223,-0.02308724090581912,../Data/filtered_textdata/2012/QTR1/20120223_10-K_edgar_data_21344_0000021344-12-000007_1.txt,786512,2012-02-23,51774,1258
7,7,215539,5395,1820,0,0,0,0,0,1.647548358074674,5.81421502474134,0,4.771761133603238,0,63908,MCDONALD'S CORP,mcd,MCDONALDS CORP,20111231,20120224,-0.02172720380073251,../Data/filtered_textdata/2012/QTR1/20120224_10-K_edgar_data_63908_0001193125-12-077317_1.txt,280651,2012-02-24,17784,910
8,8,273788,8782,2887,0,0,0,0,0,1.998258398643384,5.151473486410926,0,4.830698015491086,0,12927,BOEING CO,ba,BOEING CO,20111231,20120209,-0.02279555895569903,../Data/filtered_textdata/2012/QTR1/20120209_10-K_edgar_data_12927_0001193125-12-048565_1.txt,359478,2012-02-09,21819,1057
9,9,343158,11164,3551,0,0,0,0,0,2.38610096189695,5.72664230855268,0,4.841510700171501,0,66740,3M CO,mmm,3M CO,20111231,20120529,-0.01705118943755446,../Data/filtered_textdata/2012/QTR1/20120216_10-K_edgar_data_66740_0001104659-12-010566_1.txt,451027,2012-02-16,26822,1107
10,10,311629,7754,2492,0,0,0,0,0,2.241451606754851,5.047078107726908,0,4.623375138184729,0,50863,INTEL CORP,intc,INTEL CORP,20111231,20120223,0.00321664205108349,../Data/filtered_textdata/2012/QTR1/20120223_10-K_edgar_data_50863_0001193125-12-075534_1.txt,399784,2012-02-23,26233,1071
11,11,743211,15714,5389,0,0,0,0,0,3.991524170896368,5.719542042411997,0,4.804727410108576,0,86312,TRAVELERS COS INC,trv,"TRAVELERS COMPANIES, INC.",20111231,20120216,-0.02675321689425608,../Data/filtered_textdata/2012/QTR1/20120216_10-K_edgar_data_86312_0001047469-12-001096_1.txt,961157,2012-02-16,60879,1333
12,12,549788,12202,4030,0,0,0,0,0,1.683029453015428,5.428848851008738,0,4.798813248462618,0,101829,RAYTHEON TECHNOLOGIES CORP,rtx,UNITED TECHNOLOGIES CORP /DE/,20111231,20120209,-0.008093098859061914,../Data/filtered_textdata/2012/QTR1/20120209_10-K_edgar_data_101829_0001193125-12-047752_1.txt,709423,2012-02-09,46345,1209
13,13,462552,13905,4654,0,0,0,0,0,1.363161655581817,4.691364810641455,0,4.821167481998571,0,51143,INTL BUSINESS MACHINES CORP,ibm,INTERNATIONAL BUSINESS MACHINES CORP,20111231,20120228,-0.01412219990804203,../Data/filtered_textdata/2012/QTR1/20120228_10-K_edgar_data_51143_0001047469-12-001742_1.txt,607758,2012-02-28,36386,1141
14,14,1404419,23429,8880,0,0,0,0,0,1.641937300834086,4.965162843452698,0,4.824348201816316,0,732717,AT&T INC,t,AT&T INC.,20111231,20120224,-0.01009955495378537,../Data/filtered_textdata/2012/QTR1/20120224_10-K_edgar_data_732717_0000732717-12-000025_1.txt,1791732,2012-02-24,129603,1590
15,15,263234,7257,2477,0,0,0,0,0,2.467690578760068,4.682524817381532,0,4.811387900355872,0,200406,JOHNSON & JOHNSON,jnj,JOHNSON & JOHNSON,20120101,20120223,-0.00828329899318358,../Data/filtered_textdata/2012/QTR1/20120223_10-K_edgar_data_200406_0001193125-12-075565_1.txt,346610,2012-02-23,21356,1001
16,16,290589,7573,2397,0,0,0,0,0,1.551912568306011,6.137704918032787,0,4.746185792349727,0,732712,VERIZON COMMUNICATIONS INC,vz,VERIZON COMMUNICATIONS INC,20111231,20120224,-0.01909267816397055,../Data/filtered_textdata/2012/QTR1/20120224_10-K_edgar_data_732712_0001193125-12-077846_1.txt,372061,2012-02-24,22875,1011
17,17,444130,11289,3991,0,0,0,0,0,2.190771616905777,4.94654628039661,0,4.920484130061485,0,18230,CATERPILLAR INC,cat,CATERPILLAR INC,20111231,20120221,-0.009647822097550583,../Data/filtered_textdata/2012/QTR1/20120221_10-K_edgar_data_18230_0001104659-12-011331_1.txt,605049,2012-02-21,36106,1229
18,18,455375,14916,5107,0,0,0,0,0,1.831911239538751,5.187689120300957,0,4.759997819153286,0,40545,GENERAL ELECTRIC CO,ge,GENERAL ELECTRIC CO,20111231,20120224,-0.02822981918621642,../Data/filtered_textdata/2012/QTR1/20120224_10-K_edgar_data_40545_0000040545-12-000016_1.txt,579194,2012-02-24,36683,1154
19,19,1289240,27688,10103,0,0,0,0,0,2.43356972603949,5.359542516356218,0,4.833063590618838,0,70858,BANK OF AMERICA CORP,bac,BANK OF AMERICA CORP /DE/,20111231,20130228,-0.005913829100883091,../Data/filtered_textdata/2012/QTR1/20120223_10-K_edgar_data_70858_0000070858-12-000155_1.txt,1688176,2012-02-23,101949,1630
20,20,306429,8228,3015,0,0,0,0,0,1.663527934714375,4.770872567482737,0,4.988347457627119,0,34088,EXXON MOBIL CORP,xom,EXXON MOBIL CORP,20111231,20120224,-0.02796959264233015,../Data/filtered_textdata/2012/QTR1/20120224_10-K_edgar_data_34088_0001193125-12-078102_1.txt,412203,2012-02-24,25488,1079
21,21,871914,17429,5803,0,0,0,0,0,2.3884763259072,5.395797124348238,0,4.813029967872755,0,78003,PFIZER INC,pfe,PFIZER INC,20111231,20120228,-0.00939190736417461,../Data/filtered_textdata/2012/QTR1/20120228_10-K_edgar_data_78003_0001193125-12-085703_1.txt,1127714,2012-02-28,75948,1552
22,22,227430,6684,2267,0,0,0,0,0,1.740395495446953,4.041166011099736,0,4.741688668570505,0,104169,WALMART INC,wmt,WAL MART STORES INC,20120131,20120327,-0.01650669642986371,../Data/filtered_textdata/2012/QTR1/20120327_10-K_edgar_data_104169_0001193125-12-134679_1.txt,294692,2012-03-27,18559,954
23,23,676920,11193,3986,0,0,0,0,0,1.80782145643252,5.535393277481939,0,4.601210867279449,0,858877,CISCO SYSTEMS INC,csco,"CISCO SYSTEMS, INC.",20120728,20120912,-0.01412160532668046,../Data/filtered_textdata/2012/QTR3/20120912_10-K_edgar_data_858877_0001193125-12-388590_1.txt,871776,2012-09-12,58966,1235
24,24,426724,6799,2512,0,0,0,0,0,1.877090647720676,5.128134243772981,0,4.705719735714483,0,80424,PROCTER & GAMBLE CO,pg,PROCTER & GAMBLE CO,20120630,20120808,-0.02190917773661201,../Data/filtered_textdata/2012/QTR3/20120808_10-K_edgar_data_80424_0000080424-12-000063_1.txt,555589,2012-08-08,36173,1092
25,25,251558,5481,1952,0,0,0,0,0,2.229315246122388,5.964789786045584,0,4.767792130068326,0,789019,MICROSOFT CORP,msft,MICROSOFT CORP,20120630,20120726,-0.007730792527498599,../Data/filtered_textdata/2012/QTR3/20120726_10-K_edgar_data_789019_0001193125-12-316848_1.txt,323669,2012-07-26,20051,1011
26,26,421380,9000,3094,0,0,0,0,0,2.343205310861196,4.650034860104883,0,4.818969959683532,0,47217,HP INC,hpq,HEWLETT PACKARD CO,20121031,20121227,0.04916673954344621,../Data/filtered_textdata/2012/QTR4/20121227_10-K_edgar_data_47217_0001047469-12-011417_1.txt,542025,2012-12-27,32989,1196
0,0,463157,14856,5145,0,0,0,0,0,1.939585792467003,5.105161498014808,0,4.754667882820045,0,40545,GENERAL ELECTRIC CO,ge,GENERAL ELECTRIC CO,20121231,20130226,-0.009599719974725137,../Data/filtered_textdata/2013/QTR1/20130226_10-K_edgar_data_40545_0000040545-13-000036_1.txt,589764,2013-02-26,37276,1152
1,1,478968,9734,3317,0,0,0,0,0,1.752647842804237,4.918264807869224,0,4.710376713136601,0,732717,AT&T INC,t,AT&T INC.,20121231,20130222,-0.01090216530660866,../Data/filtered_textdata/2013/QTR1/20130222_10-K_edgar_data_732717_0000732717-13-000017_1.txt,609848,2013-02-22,42393,1214
2,2,389804,11497,3801,0,0,0,0,0,1.795044395294419,5.301791838958874,0,4.903740744302337,0,101829,RAYTHEON TECHNOLOGIES CORP,rtx,UNITED TECHNOLOGIES CORP /DE/,20121231,20130207,-0.01532148069698299,../Data/filtered_textdata/2013/QTR1/20130207_10-K_edgar_data_101829_0001193125-13-042195_1.txt,502038,2013-02-07,31197,1061
3,3,258473,8022,2856,0,0,0,0,0,1.578622034140079,5.054443440635253,0,4.940326185155246,0,34088,EXXON MOBIL CORP,xom,EXXON MOBIL CORP,20121231,20140103,-0.02215461871441108,../Data/filtered_textdata/2013/QTR1/20130227_10-K_edgar_data_34088_0000034088-13-000011_1.txt,338764,2013-02-27,21031,1030
4,4,174026,5137,1659,0,0,0,0,0,1.50475768975437,5.768237810725088,0,4.814560743527329,0,63908,MCDONALD'S CORP,mcd,MCDONALDS CORP,20121231,20130225,-0.01011977460811101,../Data/filtered_textdata/2013/QTR1/20130225_10-K_edgar_data_63908_0000063908-13-000010_1.txt,227735,2013-02-25,13557,850
5,5,263293,8522,2799,0,0,0,0,0,1.991712967322724,5.198229588473491,0,4.80323005932762,0,12927,BOEING CO,ba,BOEING CO,20121231,20130211,-0.02171935680201107,../Data/filtered_textdata/2013/QTR1/20130211_10-K_edgar_data_12927_0000012927-13-000014_1.txt,344180,2013-02-11,21238,966
6,6,635588,14543,5340,0,0,0,0,0,2.084293164771576,5.279840775482374,0,4.963824337025229,0,18230,CATERPILLAR INC,cat,CATERPILLAR INC,20121231,20130219,-0.05905167397872644,../Data/filtered_textdata/2013/QTR1/20130219_10-K_edgar_data_18230_0000018230-13-000075_1.txt,840104,2013-02-19,54263,1251
7,7,985794,18768,6673,0,0,0,0,0,2.706124386770059,5.426755288284012,0,4.688254998153717,0,19617,JPMORGAN CHASE & CO,jpm,JPMORGAN CHASE & CO,20121231,20130228,-0.004070728473382152,../Data/filtered_textdata/2013/QTR1/20130228_10-K_edgar_data_19617_0000019617-13-000221_1.txt,1270450,2013-02-28,75828,1483
8,8,243337,6612,2255,0,0,0,0,0,2.03710256280645,3.942779153818936,0,4.691300611636255,0,104169,WALMART INC,wmt,WAL MART STORES INC,20130131,20130326,-0.006867014243741256,../Data/filtered_textdata/2013/QTR1/20130326_10-K_edgar_data_104169_0000104169-13-000011_1.txt,317882,2013-03-26,19783,972
9,9,588096,13745,4667,0,0,0,0,0,2.297642598087702,5.448400923178371,0,4.811366633696012,0,310158,MERCK & CO,mrk,MERCK & CO. INC.,20121231,20130228,-0.003559145025918434,../Data/filtered_textdata/2013/QTR1/20130228_10-K_edgar_data_310158_0001193125-13-084618_1.txt,764363,2013-02-28,48528,1334
10,10,427370,8230,2861,0,0,0,0,0,1.688606445755788,7.943713118474807,0,4.910637010137692,0,731766,UNITEDHEALTH GROUP INC,unh,UNITEDHEALTH GROUP INC,20121231,20130206,-0.01635652439625689,../Data/filtered_textdata/2013/QTR1/20130207_10-K_edgar_data_731766_0000731766-13-000005_1.txt,557813,2013-02-07,33045,1275
11,11,273692,7445,2503,0,0,0,0,0,2.733176979974743,4.952191953815623,0,4.878314991881653,0,200406,JOHNSON & JOHNSON,jnj,JOHNSON & JOHNSON,20121230,20130221,-0.01473744563673394,../Data/filtered_textdata/2013/QTR1/20130222_10-K_edgar_data_200406_0000200406-13-000038_1.txt,360103,2013-02-22,22172,1049
12,12,787128,16495,5752,0,0,0,0,0,3.839807546995235,5.870741900165004,0,4.815642975002699,0,86312,TRAVELERS COS INC,trv,"TRAVELERS COMPANIES, INC.",20121231,20130219,-0.01058146586563926,../Data/filtered_textdata/2013/QTR1/20130219_10-K_edgar_data_86312_0001047469-13-001211_1.txt,1024112,2013-02-19,64847,1360
13,13,297884,7860,2486,0,0,0,0,0,1.528827467069748,6.162815806521269,0,4.757546966098035,0,732712,VERIZON COMMUNICATIONS INC,vz,VERIZON COMMUNICATIONS INC,20121231,20130226,-0.002729314143540941,../Data/filtered_textdata/2013/QTR1/20130226_10-K_edgar_data_732712_0001193125-13-075713_1.txt,381351,2013-02-26,23155,1002
14,14,332591,12503,4031,0,0,0,0,0,1.9334401398194,4.067142441013692,0,4.689229536848238,0,93410,CHEVRON CORP,cvx,CHEVRON CORP,20121231,20130222,-0.009722439262002391,../Data/filtered_textdata/2013/QTR1/20130222_10-K_edgar_data_93410_0000093410-13-000003_1.txt,442829,2013-02-22,27464,1102
15,15,711563,11302,4116,0,0,0,0,0,2.102070327654922,5.470320600994604,0,4.751701759954855,0,4962,AMERICAN EXPRESS CO,axp,AMERICAN EXPRESS CO,20121231,20130222,-0.01677416661218276,../Data/filtered_textdata/2013/QTR1/20130222_10-K_edgar_data_4962_0001193125-13-070554_1.txt,909223,2013-02-22,56706,1443
16,16,153411,5777,1900,0,0,0,0,0,1.510388714252856,6.125891282680366,0,4.728973395691176,0,354950,HOME DEPOT INC,hd,HOME DEPOT INC,20130203,20130328,-0.007377782604191946,../Data/filtered_textdata/2013/QTR1/20130328_10-K_edgar_data_354950_0000354950-13-000008_1.txt,204304,2013-03-28,13043,827
17,17,277855,7074,2339,0,0,0,0,0,2.186220712481491,5.14328020207299,0,4.631347443602474,0,50863,INTEL CORP,intc,INTEL CORP,20121229,20130219,-0.04793973796007443,../Data/filtered_textdata/2013/QTR1/20130219_10-K_edgar_data_50863_0001193125-13-065416_1.txt,357378,2013-02-19,22962,992
18,18,670651,15441,5592,0,0,0,0,0,1.754506555771313,4.857972608389325,0,4.589521076418126,0,21344,COCA-COLA CO,ko,COCA COLA CO,20121231,20130227,-0.00607818359443796,../Data/filtered_textdata/2013/QTR1/20130227_10-K_edgar_data_21344_0000021344-13-000007_1.txt,871345,2013-02-27,58193,1382
19,19,487205,14255,4849,0,0,0,0,0,1.359567860963962,4.660629941807363,0,4.816549672503327,0,51143,INTL BUSINESS MACHINES CORP,ibm,INTERNATIONAL BUSINESS MACHINES CORP,20121231,20130226,0.003099246211905788,../Data/filtered_textdata/2013/QTR1/20130226_10-K_edgar_data_51143_0001047469-13-001698_1.txt,640296,2013-02-26,38321,1155
20,20,743034,15745,5162,0,0,0,0,0,2.492049176437082,5.68503662916726,0,4.833072261514848,0,78003,PFIZER INC,pfe,PFIZER INC,20121231,20130228,0.009598820456297837,../Data/filtered_textdata/2013/QTR1/20130228_10-K_edgar_data_78003_0000078003-13-000006_1.txt,970187,2013-02-28,63201,1498
21,21,328305,10392,3294,0,0,0,0,0,2.389463050742093,5.672546429403994,0,4.835496153547284,0,66740,3M CO,mmm,3M CO,20121231,20130214,-0.01206131180481264,../Data/filtered_textdata/2013/QTR1/20130214_10-K_edgar_data_66740_0001104659-13-010881_1.txt,430089,2013-02-14,25738,1095
22,22,1210530,17172,6699,0,0,0,0,0,2.173705422802896,5.223196378431036,0,4.599669550933089,0,886982,GOLDMAN SACHS GROUP INC,gs,GOLDMAN SACHS GROUP INC,20121231,20130228,0.007978774077289925,../Data/filtered_textdata/2013/QTR1/20130301_10-K_edgar_data_886982_0001193125-13-085474_1.txt,1543995,2013-03-01,104706,1465
23,23,256381,5652,1986,0,0,0,0,0,2.416284291711413,6.467831689934589,0,4.757200039051058,0,789019,MICROSOFT CORP,msft,MICROSOFT CORP,20130630,20130730,-0.01440005520934872,../Data/filtered_textdata/2013/QTR3/20130730_10-K_edgar_data_789019_0001193125-13-310206_1.txt,330185,2013-07-30,20486,1063
24,24,508911,9517,3181,0,0,0,0,0,1.760180995475113,5.104072398190045,0,4.629932126696833,0,320187,NIKE INC  -CL B,nke,NIKE INC,20130531,20130723,-0.026155030116866,../Data/filtered_textdata/2013/QTR3/20130723_10-K_edgar_data_320187_0000320187-13-000092_1.txt,653556,2013-07-23,44200,1243
25,25,797205,13232,4748,0,0,0,0,0,1.808354369001269,5.637559006831244,0,4.667622185142402,0,858877,CISCO SYSTEMS INC,csco,"CISCO SYSTEMS, INC.",20130727,20130910,-0.00905425422673783,../Data/filtered_textdata/2013/QTR3/20130910_10-K_edgar_data_858877_0000858877-13-000049_1.txt,1037970,2013-09-10,70119,1341
26,26,353861,6799,2577,0,0,0,0,0,1.837760717440044,5.414770025137577,0,4.644914736055439,0,80424,PROCTER & GAMBLE CO,pg,PROCTER & GAMBLE CO,20130630,20130808,-0.02188086012135948,../Data/filtered_textdata/2013/QTR3/20130808_10-K_edgar_data_80424_0000080424-13-000063_1.txt,463366,2013-08-08,29438,1057
27,27,295776,6256,2204,0,0,0,0,0,2.412109775608155,5.148295524469787,0,4.808302908479305,0,1403161,VISA INC,v,VISA INC.,20130930,20131121,-0.006445561267317667,../Data/filtered_textdata/2013/QTR4/20131122_10-K_edgar_data_1403161_0001403161-13-000011_1.txt,381843,2013-11-22,24377,995
0,0,437197,11136,3591,0,0,0,0,0,1.366922729326706,6.258472661545413,0,4.821622232263895,0,732712,VERIZON COMMUNICATIONS INC,vz,VERIZON COMMUNICATIONS INC,20131231,20140227,-0.003172649142194695,../Data/filtered_textdata/2014/QTR1/20140227_10-K_edgar_data_732712_0001193125-14-073266_1.txt,559162,2014-02-27,35408,1199
1,1,390584,7196,2517,0,0,0,0,0,1.60518901919675,7.505077638734194,0,4.842003537967633,0,731766,UNITEDHEALTH GROUP INC,unh,UNITEDHEALTH GROUP INC,20131231,20140212,0.03828882262843368,../Data/filtered_textdata/2014/QTR1/20140212_10-K_edgar_data_731766_0000731766-14-000008_1.txt,503730,2014-02-12,30526,1198
2,2,863258,17057,5962,0,0,0,0,0,3.640149937526031,5.896154380119394,0,4.828946272386506,0,86312,TRAVELERS COS INC,trv,"TRAVELERS COMPANIES, INC.",20131231,20140213,0.001983269819752671,../Data/filtered_textdata/2014/QTR1/20140213_10-K_edgar_data_86312_0001047469-14-000854_1.txt,1118852,2014-02-13,72030,1393
3,3,172743,5926,1974,0,0,0,0,0,1.507571209392302,5.429924621439531,0,4.776399172837036,0,354950,HOME DEPOT INC,hd,HOME DEPOT INC,20140202,20140327,-0.002701425656250801,../Data/filtered_textdata/2014/QTR1/20140327_10-K_edgar_data_354950_0000354950-14-000008_1.txt,228638,2014-03-27,14991,876
4,4,320492,8612,3170,0,0,0,0,0,1.675914392481033,5.129656890499377,0,4.94187143773827,0,34088,EXXON MOBIL CORP,xom,EXXON MOBIL CORP,20131231,20140226,-0.0145906927197284,../Data/filtered_textdata/2014/QTR1/20140226_10-K_edgar_data_34088_0000034088-14-000012_1.txt,425044,2014-02-26,26493,1123
5,5,320271,10105,3242,0,0,0,0,0,2.371023471940904,5.417212756662297,0,4.833670916239724,0,66740,3M CO,mmm,3M CO,20131231,20140213,-0.00833680524203435,../Data/filtered_textdata/2014/QTR1/20140213_10-K_edgar_data_66740_0001104659-14-009773_1.txt,420847,2014-02-13,25179,1068
6,6,335104,12361,3979,0,0,0,0,0,1.974581747684354,3.909671860415021,0,4.663315861276657,0,93410,CHEVRON CORP,cvx,CHEVRON CORP,20131231,20140221,0.01324648253952136,../Data/filtered_textdata/2014/QTR1/20140221_10-K_edgar_data_93410_0000093410-14-000011_1.txt,446576,2014-02-21,27854,1109
7,7,517216,14112,4806,0,0,0,0,0,1.340765660683152,4.756525796233087,0,4.791862092674902,0,51143,INTL BUSINESS MACHINES CORP,ibm,INTERNATIONAL BUSINESS MACHINES CORP,20131231,20140225,-0.00102660436445281,../Data/filtered_textdata/2014/QTR1/20140225_10-K_edgar_data_51143_0001047469-14-001302_1.txt,676164,2014-02-25,40723,1221
8,8,699327,15288,4815,0,0,0,0,0,2.316780033754411,5.552430147121498,0,4.834432908846042,0,78003,PFIZER INC,pfe,PFIZER INC,20131231,20140228,0.008176484038095694,../Data/filtered_textdata/2014/QTR1/20140228_10-K_edgar_data_78003_0000078003-14-000018_1.txt,916550,2014-02-28,58659,1481
9,9,254023,7351,2433,0,0,0,0,0,2.679592344021874,4.688043748446431,0,4.826696495152871,0,200406,JOHNSON & JOHNSON,jnj,JOHNSON & JOHNSON,20131229,20140221,-0.01604894524092932,../Data/filtered_textdata/2014/QTR1/20140221_10-K_edgar_data_200406_0000200406-14-000033_1.txt,335239,2014-02-21,20115,976
10,10,342807,10241,3414,0,0,0,0,0,1.644980038444477,5.267632707378382,0,4.934422593523585,0,101829,RAYTHEON TECHNOLOGIES CORP,rtx,UNITED TECHNOLOGIES CORP /DE/,20131231,20140206,0.020007812449162,../Data/filtered_textdata/2014/QTR1/20140206_10-K_edgar_data_101829_0000101829-14-000006_1.txt,445761,2014-02-06,27052,1015
11,11,314784,9483,3197,0,0,0,0,0,1.98203061736012,5.12474453399144,0,4.813056723094127,0,12927,BOEING CO,ba,BOEING CO,20131231,20140214,-0.01617905779116308,../Data/filtered_textdata/2014/QTR1/20140214_10-K_edgar_data_12927_0000012927-14-000004_1.txt,412485,2014-02-14,25933,1027
12,12,624792,9830,3569,0,0,0,0,0,2.12112641913458,5.549270736535896,0,4.788432790594318,0,4962,AMERICAN EXPRESS CO,axp,AMERICAN EXPRESS CO,20131231,20140225,0.003564066334874319,../Data/filtered_textdata/2014/QTR1/20140225_10-K_edgar_data_4962_0001193125-14-066777_1.txt,794037,2014-02-25,49502,1376
13,13,638323,14470,5303,0,0,0,0,0,2.149308755760369,5.34930875576037,0,4.979447004608295,0,18230,CATERPILLAR INC,cat,CATERPILLAR INC,20131231,20140218,-0.001870725279466259,../Data/filtered_textdata/2014/QTR1/20140218_10-K_edgar_data_18230_0000018230-14-000058_1.txt,843987,2014-02-18,54250,1239
14,14,470904,11426,3801,0,0,0,0,0,2.446564682053196,5.804594637812484,0,4.704440061830394,0,310158,MERCK & CO,mrk,MERCK & CO. INC.,20131231,20140227,-0.004523674315028283,../Data/filtered_textdata/2014/QTR1/20140227_10-K_edgar_data_310158_0000310158-14-000009_1.txt,610226,2014-02-27,37522,1258
15,15,497500,11798,4179,0,0,0,0,0,1.800221121953564,4.987261452675095,0,4.568764120559535,0,21344,COCA-COLA CO,ko,COCA COLA CO,20131231,20140227,-0.005274058361266327,../Data/filtered_textdata/2014/QTR1/20140227_10-K_edgar_data_21344_0000021344-14-000008_1.txt,644109,2014-02-27,41606,1208
16,16,482512,15943,5529,0,0,0,0,0,1.989071596364008,5.145031151057093,0,4.745608211622919,0,40545,GENERAL ELECTRIC CO,ge,GENERAL ELECTRIC CO,20131231,20140227,-0.005693276331168241,../Data/filtered_textdata/2014/QTR1/20140227_10-K_edgar_data_40545_0000040554-14-000023_1.txt,615155,2014-02-27,39164,1183
17,17,883599,18190,6538,0,0,0,0,0,2.566551271338188,5.401695117583861,0,4.693893995463769,0,19617,JPMORGAN CHASE & CO,jpm,JPMORGAN CHASE & CO,20131231,20140219,-0.02115631584967238,../Data/filtered_textdata/2014/QTR1/20140220_10-K_edgar_data_19617_0000019617-14-000289_1.txt,1159437,2014-02-20,67016,1359
18,18,371831,7974,2798,0,0,0,0,0,2.158897420246089,4.944260609760017,0,4.671924695601889,0,104169,WALMART INC,wmt,WAL MART STORES INC,20140131,20140321,-0.0098517890467726,../Data/filtered_textdata/2014/QTR1/20140321_10-K_edgar_data_104169_0000104169-14-000019_1.txt,482659,2014-03-21,31127,1156
19,19,183006,4953,1605,0,0,0,0,0,1.52470718691524,5.946358028969438,0,4.841638367177213,0,63908,MCDONALD'S CORP,mcd,MCDONALDS CORP,20131231,20140224,-0.01789982376499282,../Data/filtered_textdata/2014/QTR1/20140224_10-K_edgar_data_63908_0000063908-14-000019_1.txt,239961,2014-02-24,14429,901
20,20,301550,7128,2348,0,0,0,0,0,2.33326616965545,5.202498488817247,0,4.62828934112432,0,50863,INTEL CORP,intc,INTEL CORP,20131228,20140214,-0.01236653468189098,../Data/filtered_textdata/2014/QTR1/20140214_10-K_edgar_data_50863_0000050863-14-000020_1.txt,392188,2014-02-14,24815,1052
21,21,945113,15824,5892,0,0,0,0,0,2.325399106419669,5.558748987536906,0,4.642607059807175,0,886982,GOLDMAN SACHS GROUP INC,gs,GOLDMAN SACHS GROUP INC,20131231,20140227,0.0206593817671465,../Data/filtered_textdata/2014/QTR1/20140228_10-K_edgar_data_886982_0001193125-14-073792_1.txt,1206914,2014-02-28,76546,1373
22,22,782642,17302,6179,0,0,0,0,0,1.69738580789298,4.562235209176237,0,4.764654596973041,0,732717,AT&T INC,t,AT&T INC.,20131231,20140221,-0.0362510498580939,../Data/filtered_textdata/2014/QTR1/20140221_10-K_edgar_data_732717_0000732717-14-000010_1.txt,1009780,2014-02-21,73407,1276
23,23,282024,5878,2086,0,0,0,0,0,1.847069637151486,5.519324200113799,0,4.708408106097082,0,789019,MICROSOFT CORP,msft,MICROSOFT CORP,20140630,20140731,-0.01341398221830187,../Data/filtered_textdata/2014/QTR3/20140731_10-K_edgar_data_789019_0001193125-14-289961_1.txt,363612,2014-07-31,22847,1083
24,24,377462,9335,2963,0,0,0,0,0,2.142384105960265,4.741721854304635,0,4.673245033112583,0,858877,CISCO SYSTEMS INC,csco,"CISCO SYSTEMS, INC.",20140726,20140909,0.0004369243419977426,../Data/filtered_textdata/2014/QTR3/20140909_10-K_edgar_data_858877_0000858877-14-000029_1.txt,489209,2014-09-09,30200,1100
25,25,336701,6673,2382,0,0,0,0,0,2.21844212913743,4.922389963852861,0,4.671131901623077,0,320187,NIKE INC  -CL B,nke,NIKE INC,20140531,20140725,0.0124681456813589,../Data/filtered_textdata/2014/QTR3/20140725_10-K_edgar_data_320187_0000320187-14-000097_1.txt,434240,2014-07-25,28218,1120
26,26,227176,5088,1815,0,0,0,0,0,2.037795992714026,6.08492714025501,0,4.755635245901638,0,80424,PROCTER & GAMBLE CO,pg,PROCTER & GAMBLE CO,20140630,20140808,-0.005032913528226578,../Data/filtered_textdata/2014/QTR3/20140808_10-K_edgar_data_80424_0000080424-14-000057_1.txt,296213,2014-08-08,17568,899
27,27,813585,11126,3983,0,0,0,0,0,2.209727145554062,5.838732021350284,0,4.790354344076382,0,1403161,VISA INC,v,VISA INC.,20140930,20141120,0.0003285623558543296,../Data/filtered_textdata/2014/QTR4/20141121_10-K_edgar_data_1403161_0001403161-14-000017_1.txt,1040159,2014-11-21,73629,1306
0,0,267834,8211,2941,0,0,0,0,0,1.608381967740453,4.797573640917237,0,4.930517898993613,0,34088,EXXON MOBIL CORP,xom,EXXON MOBIL CORP,20141231,20150225,-0.02600354305701448,../Data/filtered_textdata/2015/QTR1/20150225_10-K_edgar_data_34088_0000034088-15-000013_1.txt,358729,2015-02-25,21761,1036
1,1,944947,17380,6118,0,0,0,0,0,3.428550016861721,5.767957733285037,0,4.821253263055343,0,86312,TRAVELERS COS INC,trv,"TRAVELERS COMPANIES, INC.",20141231,20150212,-0.008994807915685243,../Data/filtered_textdata/2015/QTR1/20150212_10-K_edgar_data_86312_0001047469-15-000743_1.txt,1226429,2015-02-12,80063,1424
2,2,712851,14571,5237,0,0,0,0,0,2.233640424800772,5.529282780514146,0,4.946703539460981,0,18230,CATERPILLAR INC,cat,CATERPILLAR INC,20141231,20150217,-0.01951012659849313,../Data/filtered_textdata/2015/QTR1/20150217_10-K_edgar_data_18230_0000018230-15-000061_1.txt,936797,2015-02-17,61111,1370
3,3,800923,14320,5148,0,0,0,0,0,2.674437694959777,5.475291413560993,0,4.671301920866854,0,19617,JPMORGAN CHASE & CO,jpm,JPMORGAN CHASE & CO,20141231,20150224,-0.0009046490892872378,../Data/filtered_textdata/2015/QTR1/20150224_10-K_edgar_data_19617_0000019617-15-000272_1.txt,1026045,2015-02-24,60910,1302
4,4,566934,12644,4003,0,0,0,0,0,2.468733715476811,5.601875977071392,0,4.828230849400731,0,78003,PFIZER INC,pfe,PFIZER INC,20141231,20150227,0.0008417224483379272,../Data/filtered_textdata/2015/QTR1/20150227_10-K_edgar_data_78003_0000078003-15-000014_1.txt,744520,2015-02-27,46056,1324
5,5,1077283,16612,6121,0,0,0,0,0,2.240513142549565,5.660715887682785,0,4.623542208666009,0,886982,GOLDMAN SACHS GROUP INC,gs,GOLDMAN SACHS GROUP INC,20141231,20150220,0.004577110760547837,../Data/filtered_textdata/2015/QTR1/20150223_10-K_edgar_data_886982_0001193125-15-056785_1.txt,1372279,2015-02-23,89176,1488
6,6,630110,10375,3692,0,0,0,0,0,2.196962273395394,5.62469377756002,0,4.773424791768741,0,4962,AMERICAN EXPRESS CO,axp,AMERICAN EXPRESS CO,20141231,20150224,0.0005482101829512639,../Data/filtered_textdata/2015/QTR1/20150224_10-K_edgar_data_4962_0001193125-15-059931_1.txt,802281,2015-02-24,51025,1392
7,7,344429,7021,2441,0,0,0,0,0,1.618671183888575,7.750799924712968,0,4.865349143610013,0,731766,UNITEDHEALTH GROUP INC,unh,UNITEDHEALTH GROUP INC,20141231,20150210,-0.004135747406422566,../Data/filtered_textdata/2015/QTR1/20150210_10-K_edgar_data_731766_0000731766-15-000007_1.txt,446437,2015-02-10,26565,1179
8,8,571434,14691,5170,0,0,0,0,0,1.420805267375626,4.645773320915726,0,4.737670832340647,0,51143,INTL BUSINESS MACHINES CORP,ibm,INTERNATIONAL BUSINESS MACHINES CORP,20141231,20150224,-0.02612819136968249,../Data/filtered_textdata/2015/QTR1/20150224_10-K_edgar_data_51143_0001047469-15-001106_1.txt,748926,2015-02-24,46171,1308
9,9,607218,11999,4125,0,0,0,0,0,1.929747617718592,6.421195327140068,0,4.670148718153183,0,732712,VERIZON COMMUNICATIONS INC,vz,VERIZON COMMUNICATIONS INC,20141231,20150223,0.00378814214201144,../Data/filtered_textdata/2015/QTR1/20150223_10-K_edgar_data_732712_0001193125-15-057710_1.txt,775046,2015-02-23,50162,1340
10,10,332537,11948,3812,0,0,0,0,0,1.938332316307118,4.023834308481998,0,4.657381815571269,0,93410,CHEVRON CORP,cvx,CHEVRON CORP,20141231,20150220,-0.008623310591296786,../Data/filtered_textdata/2015/QTR1/20150220_10-K_edgar_data_93410_0000093410-15-000010_1.txt,439987,2015-02-20,27859,1086
11,11,303624,7122,2347,0,0,0,0,0,2.433786685755189,5.12606378748111,0,4.61707627455659,0,50863,INTEL CORP,intc,INTEL CORP,20141227,20150213,-0.01281469441180991,../Data/filtered_textdata/2015/QTR1/20150213_10-K_edgar_data_50863_0000050863-15-000015_1.txt,395393,2015-02-13,25146,1060
12,12,259713,7812,2563,0,0,0,0,0,2.873201220989389,4.772518048355057,0,4.82169678763506,0,200406,JOHNSON & JOHNSON,jnj,JOHNSON & JOHNSON,20141228,20150223,0.009375153243264059,../Data/filtered_textdata/2015/QTR1/20150224_10-K_edgar_data_200406_0000200406-15-000004_1.txt,343351,2015-02-24,20639,991
13,13,315960,10007,3205,0,0,0,0,0,2.367458499135818,5.313718397041681,0,4.844205956831061,0,66740,3M CO,mmm,3M CO,20141231,20150212,0.0005013776596500437,../Data/filtered_textdata/2015/QTR1/20150212_10-K_edgar_data_66740_0001104659-15-009560_1.txt,416700,2015-02-12,24879,1063
14,14,183379,5212,1687,0,0,0,0,0,1.970477649352458,5.716474028686812,0,4.818200807686952,0,63908,MCDONALD'S CORP,mcd,MCDONALDS CORP,20141231,20150224,0.04065651775776663,../Data/filtered_textdata/2015/QTR1/20150224_10-K_edgar_data_63908_0000063908-15-000016_1.txt,238802,2015-02-24,14362,872
15,15,591505,13648,4617,0,0,0,0,0,2.413961833306149,5.221415755994128,0,4.782029848311858,0,310158,MERCK & CO,mrk,"MERCK & CO., INC.",20141231,20150227,-0.01977790209597382,../Data/filtered_textdata/2015/QTR1/20150227_10-K_edgar_data_310158_0000310158-15-000005_1.txt,766734,2015-02-27,49048,1326
16,16,259187,8299,2695,0,0,0,0,0,1.882905327711767,5.164814105021081,0,4.824885013415102,0,12927,BOEING CO,ba,BOEING CO,20141231,20150212,0.01214549175513555,../Data/filtered_textdata/2015/QTR1/20150212_10-K_edgar_data_12927_0000012927-15-000011_1.txt,339409,2015-02-12,20872,944
17,17,443922,13608,4626,0,0,0,0,0,2.022730542368005,5.061142281686088,0,4.809149762624084,0,40545,GENERAL ELECTRIC CO,ge,GENERAL ELECTRIC CO,20150227,20150227,-0.021217768914619,../Data/filtered_textdata/2015/QTR1/20150227_10-K_edgar_data_40545_0000040545-15-000030_1.txt,564075,2015-02-27,34755,1190
18,18,187835,6266,2078,0,0,0,0,0,2.085004009623096,5.422244155203257,0,4.674418604651163,0,354950,HOME DEPOT INC,hd,HOME DEPOT INC,20150201,20150326,0.002534788766843864,../Data/filtered_textdata/2015/QTR1/20150326_10-K_edgar_data_354950_0000354950-15-000008_1.txt,246997,2015-03-26,16211,862
19,19,529688,12221,4326,0,0,0,0,0,1.943717867773068,5.116352484892216,0,4.575155587625146,0,21344,COCA-COLA CO,ko,COCA COLA CO,20141231,20150225,0.01854174695507094,../Data/filtered_textdata/2015/QTR1/20150225_10-K_edgar_data_21344_0000021344-15-000005_1.txt,684399,2015-02-25,44348,1271
20,20,455793,12023,4009,0,0,0,0,0,1.627211305379339,4.969312496776523,0,4.848625509309402,0,101829,RAYTHEON TECHNOLOGIES CORP,rtx,UNITED TECHNOLOGIES CORP /DE/,20141231,20150205,-0.01436820877632203,../Data/filtered_textdata/2015/QTR1/20150205_10-K_edgar_data_101829_0000101829-15-000005_1.txt,590963,2015-02-05,38778,1212
21,21,295796,7356,2642,0,0,0,0,0,1.871345029239766,4.262956241177656,0,4.575438596491228,0,104169,WALMART INC,wmt,WAL MART STORES INC,20150131,20150401,-0.01104450327125817,../Data/filtered_textdata/2015/QTR2/20150401_10-K_edgar_data_104169_0000104169-15-000011_1.txt,392454,2015-04-01,24795,1088
22,22,521709,7655,2760,0,0,0,0,0,1.778913038520309,5.126918603325199,0,4.55433667069583,0,320187,NIKE INC  -CL B,nke,NIKE INC,20150531,20150723,-0.01309926317570792,../Data/filtered_textdata/2015/QTR3/20150723_10-K_edgar_data_320187_0000320187-15-000113_1.txt,665477,2015-07-23,43847,1230
23,23,954999,15133,5619,0,0,0,0,0,1.79522216463271,5.78028553927343,0,4.505065259388401,0,80424,PROCTER & GAMBLE CO,pg,PROCTER & GAMBLE CO,20150630,20150807,0.003544414298583256,../Data/filtered_textdata/2015/QTR3/20150807_10-K_edgar_data_80424_0000080424-15-000070_1.txt,1260926,2015-08-07,84892,1490
24,24,301433,5947,2173,0,0,0,0,0,1.988145221042233,5.923273236190004,0,4.778710792788343,0,789019,MICROSOFT CORP,msft,MICROSOFT CORP,20150630,20150731,0.01022871049192301,../Data/filtered_textdata/2015/QTR3/20150731_10-K_edgar_data_789019_0001193125-15-272806_1.txt,387180,2015-07-31,24294,1107
25,25,750199,10484,3751,0,0,0,0,0,1.753589638842237,5.573963959874722,0,4.610246168278032,0,858877,CISCO SYSTEMS INC,csco,"CISCO SYSTEMS, INC.",20150725,20150908,-0.01914284300497352,../Data/filtered_textdata/2015/QTR3/20150908_10-K_edgar_data_858877_0000858877-15-000070_1.txt,966700,2015-09-08,66093,1283
26,26,220235,5114,1679,0,0,0,0,0,2.053795437306728,5.274520100355915,0,4.636909971410233,0,320193,APPLE INC,aapl,APPLE INC,20150926,20151028,0.007447851481348699,../Data/filtered_textdata/2015/QTR4/20151028_10-K_edgar_data_320193_0001193125-15-356351_1.txt,279871,2015-10-28,17139,857
27,27,451902,8961,3245,0,0,0,0,0,2.044458040175385,4.953094728255328,0,4.770852452329969,0,1403161,VISA INC,v,VISA INC.,20150930,20151119,-0.01632654252308235,../Data/filtered_textdata/2015/QTR4/20151120_10-K_edgar_data_1403161_0001403161-15-000013_1.txt,586525,2015-11-20,39228,1220
0,0,612576,9227,3354,0,0,0,0,0,2.270629137121643,5.580326452043762,0,4.776158394060221,0,4962,AMERICAN EXPRESS CO,axp,AMERICAN EXPRESS CO,20151231,20160219,-0.002379412687564488,../Data/filtered_textdata/2016/QTR1/20160219_10-K_edgar_data_4962_0001193125-16-469798_1.txt,781685,2016-02-19,50911,1361
1,1,343742,9703,3354,0,0,0,0,0,2.017402287558768,4.890884850185953,0,4.816995298575539,0,12927,BOEING CO,ba,BOEING CO,20151231,20160210,-0.03394661064929771,../Data/filtered_textdata/2016/QTR1/20160210_10-K_edgar_data_12927_0000012927-16-000099_1.txt,450771,2016-02-10,28502,1032
2,2,269708,7662,2526,0,0,0,0,0,2.773269025645782,4.846264434447897,0,4.823818578119927,0,200406,JOHNSON & JOHNSON,jnj,JOHNSON & JOHNSON,20160103,20160224,0.001279430235265079,../Data/filtered_textdata/2016/QTR1/20160224_10-K_edgar_data_200406_0000200406-16-000071_1.txt,355272,2016-02-24,21563,1026
3,3,418784,10809,3556,0,0,0,0,0,1.611870817573465,5.056735525167297,0,4.846115798661623,0,101829,RAYTHEON TECHNOLOGIES CORP,rtx,UNITED TECHNOLOGIES CORP /DE/,20151231,20160211,0.04638499273633141,../Data/filtered_textdata/2016/QTR1/20160211_10-K_edgar_data_101829_0000101829-16-000050_1.txt,541753,2016-02-11,34370,1056
4,4,322390,6903,2410,0,0,0,0,0,1.514399205561072,8.229890764647468,0,4.962802052300564,0,731766,UNITEDHEALTH GROUP INC,unh,UNITEDHEALTH GROUP INC,20151231,20160209,0.004820237737063323,../Data/filtered_textdata/2016/QTR1/20160209_10-K_edgar_data_731766_0000731766-16-000058_1.txt,421969,2016-02-09,24168,1138
5,5,989651,17371,6175,0,0,0,0,0,3.471857545233207,5.836157922375518,0,4.83331742015563,0,86312,TRAVELERS COS INC,trv,"TRAVELERS COMPANIES, INC.",20151231,20160211,0.04972123933693184,../Data/filtered_textdata/2016/QTR1/20160211_10-K_edgar_data_86312_0001047469-16-010107_1.txt,1283840,2016-02-11,83788,1433
6,6,959163,13772,4949,0,0,0,0,0,2.623479407885095,5.510772387512826,0,4.706300880710963,0,19617,JPMORGAN CHASE & CO,jpm,JPMORGAN CHASE & CO,20151231,20160223,0.02388830875508641,../Data/filtered_textdata/2016/QTR1/20160223_10-K_edgar_data_19617_0000019617-16-000902_1.txt,1229397,2016-02-23,75053,1377
7,7,320828,7692,2484,0,0,0,0,0,2.354450439572878,5.263555069237444,0,4.629287250499943,0,50863,INTEL CORP,intc,INTEL CORP,20151226,20160212,0.02577066965584792,../Data/filtered_textdata/2016/QTR1/20160212_10-K_edgar_data_50863_0000050863-16-000105_1.txt,418869,2016-02-12,26503,1079
8,8,223282,7049,2338,0,0,0,0,0,2.136216442076674,5.755771440509768,0,4.726835892614647,0,354950,HOME DEPOT INC,hd,HOME DEPOT INC,20160131,20160324,0.02133557306587859,../Data/filtered_textdata/2016/QTR1/20160324_10-K_edgar_data_354950_0000354950-16-000060_1.txt,293510,2016-03-24,19146,976
9,9,520814,11886,4228,0,0,0,0,0,2.02047969211738,5.108469062836461,0,4.572537969898977,0,21344,COCA-COLA CO,ko,COCA COLA CO,20151231,20160225,-0.01179982463182974,../Data/filtered_textdata/2016/QTR1/20160225_10-K_edgar_data_21344_0000021344-16-000050_1.txt,672982,2016-02-25,43653,1287
10,10,381874,8708,3309,0,0,0,0,0,1.437904684127632,4.555795368371929,0,4.743597970016917,0,34088,EXXON MOBIL CORP,xom,EXXON MOBIL CORP,20151231,20160224,-0.01804809029989498,../Data/filtered_textdata/2016/QTR1/20160224_10-K_edgar_data_34088_0000034088-16-000065_1.txt,495744,2016-02-24,34286,1130
11,11,615811,14855,5348,0,0,0,0,0,1.483702789047647,4.474628094314107,0,4.716234491679897,0,51143,INTL BUSINESS MACHINES CORP,ibm,INTERNATIONAL BUSINESS MACHINES CORP,20151231,20160223,-0.003898043096549711,../Data/filtered_textdata/2016/QTR1/20160223_10-K_edgar_data_51143_0001047469-16-010329_1.txt,807608,2016-02-23,51021,1325
12,12,1287482,17460,6331,0,0,0,0,0,2.273514677653449,5.44688421742591,0,4.611882578772415,0,886982,GOLDMAN SACHS GROUP INC,gs,GOLDMAN SACHS GROUP INC,20151231,20160219,-0.004735572462842095,../Data/filtered_textdata/2016/QTR1/20160222_10-K_edgar_data_886982_0001193125-16-470289_1.txt,1638408,2016-02-22,106795,1513
13,13,404682,10672,3554,0,0,0,0,0,1.999040939878918,5.35575136366361,0,4.808397770185218,0,66740,3M CO,mmm,3M CO,20151231,20160211,0.03763071034404956,../Data/filtered_textdata/2016/QTR1/20160211_10-K_edgar_data_66740_0001558370-16-003162_1.txt,520549,2016-02-11,33366,1181
14,14,293058,10994,3533,0,0,0,0,0,2.183926955663404,4.088179649584601,0,4.669737599736777,0,93410,CHEVRON CORP,cvx,CHEVRON CORP,20151231,20160225,0.008583781608200163,../Data/filtered_textdata/2016/QTR1/20160225_10-K_edgar_data_93410_0000093410-16-000049_1.txt,386828,2016-02-25,24314,1026
15,15,503102,13848,4803,0,0,0,0,0,2.171296637437674,4.841205511753003,0,4.815194164026233,0,40545,GENERAL ELECTRIC CO,ge,GENERAL ELECTRIC CO,20151231,20160226,0.02508522530437378,../Data/filtered_textdata/2016/QTR1/20160226_10-K_edgar_data_40545_0000040545-16-000145_1.txt,636523,2016-02-26,40713,1236
16,16,610697,9448,3498,0,0,0,0,0,1.964765826235734,5.401695903134224,0,4.751499426551601,0,104169,WALMART INC,wmt,WAL MART STORES INC,20160131,20160330,0.003251421343793873,../Data/filtered_textdata/2016/QTR1/20160330_10-K_edgar_data_104169_0000104169-16-000079_1.txt,790059,2016-03-30,53187,1269
17,17,186963,4952,1590,0,0,0,0,0,1.825765864332604,5.518326039387309,0,4.776531728665208,0,63908,MCDONALD'S CORP,mcd,MCDONALDS CORP,20151231,20160225,0.01049438549532664,../Data/filtered_textdata/2016/QTR1/20160225_10-K_edgar_data_63908_0000063908-16-000103_1.txt,243334,2016-02-25,14624,872
18,18,389285,8292,2818,0,0,0,0,0,2.419045181108409,5.174068859592986,0,4.925412773582491,0,18230,CATERPILLAR INC,cat,CATERPILLAR INC,20151231,20160216,0.002115632145090654,../Data/filtered_textdata/2016/QTR1/20160216_10-K_edgar_data_18230_0000018230-16-000410_1.txt,511062,2016-02-16,31252,1109
19,19,508847,12206,4049,0,0,0,0,0,2.595748849054756,5.649426976197473,0,4.772357723577237,0,310158,MERCK & CO,mrk,"MERCK & CO., INC.",20151231,20160226,0.03058130736731314,../Data/filtered_textdata/2016/QTR1/20160226_10-K_edgar_data_310158_0000310158-16-000063_1.txt,657537,2016-02-26,40836,1275
20,20,346258,9077,3016,0,0,0,0,0,1.471924404870071,5.894966381973469,0,4.729529347628566,0,732712,VERIZON COMMUNICATIONS INC,vz,VERIZON COMMUNICATIONS INC,20151231,20160223,0.006573876995405197,../Data/filtered_textdata/2016/QTR1/20160223_10-K_edgar_data_732712_0001193125-16-473367_1.txt,443062,2016-02-23,27515,1011
21,21,693780,14640,4662,0,0,0,0,0,2.304440868011956,5.816811983799941,0,4.836955945032983,0,78003,PFIZER INC,pfe,PFIZER INC,20151231,20160229,0.006288063135978026,../Data/filtered_textdata/2016/QTR1/20160229_10-K_edgar_data_78003_0000078003-16-000077_1.txt,911752,2016-02-29,56543,1431
22,22,291296,6051,2154,0,0,0,0,0,2.483943685934244,5.227340393858193,0,4.79213984943218,0,320187,NIKE INC  -CL B,nke,NIKE INC,20160531,20160721,-0.01203811047883234,../Data/filtered_textdata/2016/QTR3/20160721_10-K_edgar_data_320187_0000320187-16-000336_1.txt,375282,2016-07-21,23511,1068
23,23,286778,5931,2138,0,0,0,0,0,1.914948675925128,5.938928663848874,0,4.713059604934012,0,789019,MICROSOFT CORP,msft,MICROSOFT CORP,20160630,20160728,0.005461227173567162,../Data/filtered_textdata/2016/QTR3/20160728_10-K_edgar_data_789019_0001193125-16-662209_1.txt,368496,2016-07-28,23186,1095
24,24,518824,8969,3577,0,0,0,0,0,1.711862172021272,5.526743726102053,0,4.610205247659649,0,80424,PROCTER & GAMBLE CO,pg,PROCTER & GAMBLE CO,20160630,20160809,0.01103721832681085,../Data/filtered_textdata/2016/QTR3/20160809_10-K_edgar_data_80424_0000080424-16-000212_1.txt,680239,2016-08-09,45506,1232
25,25,816051,11126,4042,0,0,0,0,0,1.778631545488467,5.628878232148041,0,4.626459735485565,0,858877,CISCO SYSTEMS INC,csco,"CISCO SYSTEMS, INC.",20160730,20160908,-0.01421323082463022,../Data/filtered_textdata/2016/QTR3/20160908_10-K_edgar_data_858877_0000858877-16-000117_1.txt,1050332,2016-09-08,72359,1288
26,26,370383,8368,2972,0,0,0,0,0,2.355731225296443,5.416600790513834,0,4.843162055335967,0,1403161,VISA INC,v,VISA INC.,20160930,20161115,0.02923722462979824,../Data/filtered_textdata/2016/QTR4/20161115_10-K_edgar_data_1403161_0001403161-16-000058_1.txt,479523,2016-11-15,31625,1160
27,27,259809,5310,1775,0,0,0,0,0,1.831536773824287,4.907946198607268,0,4.657302298960222,0,320193,APPLE INC,aapl,APPLE INC,20160924,20161026,-0.01899391662016882,../Data/filtered_textdata/2016/QTR4/20161026_10-K_edgar_data_320193_0001628280-16-020309_1.txt,332421,2016-10-26,20966,917
0,0,478594,8421,2972,0,0,0,0,0,2.040368582711716,5.33128565160158,0,4.66564282580079,0,104169,WALMART INC,wmt,WAL MART STORES INC,20170131,20170331,-0.01352642651462448,../Data/filtered_textdata/2017/QTR1/20170331_10-K_edgar_data_104169_0000104169-17-000021_1.txt,620441,2017-03-31,41022,1246
1,1,244945,6173,2020,0,0,0,0,0,1.935387077415483,5.516103220644128,0,4.855171034206841,0,63908,MCDONALD'S CORP,mcd,MCDONALDS CORP,20161231,20170301,-0.01547834538164651,../Data/filtered_textdata/2017/QTR1/20170301_10-K_edgar_data_63908_0000063908-17-000017_1.txt,318995,2017-03-01,19996,971
2,2,285075,6284,2201,0,0,0,0,0,1.542623884564268,7.988418454528193,0,4.901319536738182,0,731766,UNITEDHEALTH GROUP INC,unh,UNITEDHEALTH GROUP INC,20161231,20170208,0.002882084228589319,../Data/filtered_textdata/2017/QTR1/20170208_10-K_edgar_data_731766_0000731766-17-000009_1.txt,374743,2017-02-08,21068,1070
3,3,952620,12951,4677,0,0,0,0,0,2.632601906089567,5.482353256571453,0,4.711888261866145,0,19617,JPMORGAN CHASE & CO,jpm,JPMORGAN CHASE & CO,20161231,20170228,0.01622854722601294,../Data/filtered_textdata/2017/QTR1/20170228_10-K_edgar_data_19617_0000019617-17-000314_1.txt,1223266,2017-02-28,74603,1395
4,4,408197,10444,3556,0,0,0,0,0,1.953717211590721,4.960096112589033,0,4.817214451214278,0,12927,BOEING CO,ba,BOEING CO,20161231,20170208,0.01789231700757154,../Data/filtered_textdata/2017/QTR1/20170208_10-K_edgar_data_12927_0000012927-17-000006_1.txt,531492,2017-02-08,34959,1082
5,5,300415,11315,3675,0,0,0,0,0,2.2869523350987,4.184721553522709,0,4.680950088268336,0,93410,CHEVRON CORP,cvx,CHEVRON CORP,20161231,20170223,0.005699875247691014,../Data/filtered_textdata/2017/QTR1/20170223_10-K_edgar_data_93410_0000093410-17-000013_1.txt,397095,2017-02-23,24924,1054
6,6,570543,14215,4982,0,0,0,0,0,1.529025382256346,4.702351175587794,0,4.76697044174261,0,51143,INTL BUSINESS MACHINES CORP,ibm,INTERNATIONAL BUSINESS MACHINES CORP,20161231,20170228,-0.006264600730556609,../Data/filtered_textdata/2017/QTR1/20170228_10-K_edgar_data_51143_0001047469-17-001061_1.txt,751365,2017-02-28,45977,1324
7,7,1262433,18249,6730,0,0,0,0,0,3.24280060051863,5.793185023429325,0,4.846249033255995,0,86312,TRAVELERS COS INC,trv,"TRAVELERS COMPANIES, INC.",20161231,20170216,-0.006640146097736844,../Data/filtered_textdata/2017/QTR1/20170216_10-K_edgar_data_86312_0001047469-17-000695_1.txt,1637235,2017-02-16,109905,1505
8,8,407218,11048,3623,0,0,0,0,0,1.657622394211666,5.076653915725172,0,4.8700590101711,0,101829,RAYTHEON TECHNOLOGIES CORP,rtx,UNITED TECHNOLOGIES CORP /DE/,20161231,20170209,0.005811150641140017,../Data/filtered_textdata/2017/QTR1/20170209_10-K_edgar_data_101829_0000101829-17-000007_1.txt,529893,2017-02-09,33723,1100
9,9,288041,8522,3066,0,0,0,0,0,1.559769870019178,4.871084594076284,0,4.965991902834007,0,34088,EXXON MOBIL CORP,xom,EXXON MOBIL CORP,20161231,20170411,-3.373270568462084e-05,../Data/filtered_textdata/2017/QTR1/20170222_10-K_edgar_data_34088_0000034088-17-000017_1.txt,379508,2017-02-22,23465,1047
10,10,198508,6779,2232,0,0,0,0,0,1.864526787821572,5.481472740146331,0,4.702147746046731,0,354950,HOME DEPOT INC,hd,HOME DEPOT INC,20170129,20170323,-0.0128954712267901,../Data/filtered_textdata/2017/QTR1/20170323_10-K_edgar_data_354950_0000354950-17-000005_1.txt,261006,2017-03-23,16948,932
11,11,280203,7730,2570,0,0,0,0,0,2.640932199577091,5.259369235614344,0,4.845278265172988,0,200406,JOHNSON & JOHNSON,jnj,JOHNSON & JOHNSON,20170101,20170227,0.002455975897698729,../Data/filtered_textdata/2017/QTR1/20170227_10-K_edgar_data_200406_0000200406-17-000006_1.txt,366757,2017-02-27,22227,1037
12,12,511228,12109,4307,0,0,0,0,0,2.022498519834222,5.00177619893428,0,4.58292480757845,0,21344,COCA-COLA CO,ko,COCA COLA CO,20161231,20170224,0.001511051293869562,../Data/filtered_textdata/2017/QTR1/20170224_10-K_edgar_data_21344_0000021344-17-000009_1.txt,661339,2017-02-24,42225,1198
13,13,371198,9013,3039,0,0,0,0,0,1.406234305420698,5.748819767636522,0,4.725650383366257,0,732712,VERIZON COMMUNICATIONS INC,vz,VERIZON COMMUNICATIONS INC,20161231,20170221,0.01585087620118615,../Data/filtered_textdata/2017/QTR1/20170221_10-K_edgar_data_732712_0001193125-17-050292_1.txt,473933,2017-02-21,29867,1046
14,14,1096758,15916,5596,0,0,0,0,0,2.207790748626451,5.329033852791478,0,4.649596081030976,0,886982,GOLDMAN SACHS GROUP INC,gs,GOLDMAN SACHS GROUP INC,20161231,20170224,0.001982016480102055,../Data/filtered_textdata/2017/QTR1/20170227_10-K_edgar_data_886982_0001193125-17-056804_1.txt,1393837,2017-02-27,89003,1434
15,15,316856,6598,2198,0,0,0,0,0,1.980012022843402,5.387736699729487,0,4.707356477306883,0,50863,INTEL CORP,intc,INTEL CORP,20161231,20170217,-0.01580074141250308,../Data/filtered_textdata/2017/QTR1/20170217_10-K_edgar_data_50863_0000050863-17-000012_1.txt,411922,2017-02-17,26616,1147
16,16,591428,12553,4351,0,0,0,0,0,2.37791932059448,5.32403194823577,0,4.805499949448994,0,310158,MERCK & CO,mrk,"MERCK & CO., INC.",20161231,20170228,0.003178346558505423,../Data/filtered_textdata/2017/QTR1/20170228_10-K_edgar_data_310158_0000310158-17-000010_1.txt,765164,2017-02-28,49455,1330
17,17,496741,13939,4607,0,0,0,0,0,2.059674634632687,5.454368601512535,0,4.855093256814921,0,66740,3M CO,mmm,3M CO,20161231,20170209,0.01146932979753073,../Data/filtered_textdata/2017/QTR1/20170209_10-K_edgar_data_66740_0001558370-17-000479_1.txt,637190,2017-02-09,41123,1238
18,18,459170,14194,4872,0,0,0,0,0,2.163713639123475,5.12502069879119,0,4.786333278136556,0,40545,GENERAL ELECTRIC CO,ge,GENERAL ELECTRIC CO,20161231,20170224,-0.00754298421891559,../Data/filtered_textdata/2017/QTR1/20170224_10-K_edgar_data_40545_0000040545-17-000010_1.txt,583223,2017-02-24,36234,1239
19,19,711689,15334,4829,0,0,0,0,0,2.28749629784491,5.804979180821966,0,4.819003815397481,0,78003,PFIZER INC,pfe,PFIZER INC,20161231,20170223,-0.005782892410142057,../Data/filtered_textdata/2017/QTR1/20170223_10-K_edgar_data_78003_0000078003-17-000014_1.txt,933736,2017-02-23,57399,1391
20,20,465437,8967,3033,0,0,0,0,0,2.412833438353287,5.21424070573409,0,4.881668767065743,0,18230,CATERPILLAR INC,cat,CATERPILLAR INC,20161231,20170215,-0.01687768929164322,../Data/filtered_textdata/2017/QTR1/20170215_10-K_edgar_data_18230_0000018230-17-000041_1.txt,606965,2017-02-15,38088,1214
21,21,609159,9063,3324,0,0,0,0,0,2.237382205006649,5.474937850494306,0,4.754331194234068,0,4962,AMERICAN EXPRESS CO,axp,AMERICAN EXPRESS CO,20161231,20170217,-0.003286630332828492,../Data/filtered_textdata/2017/QTR1/20170217_10-K_edgar_data_4962_0001193125-17-047588_1.txt,777094,2017-02-17,51891,1293
22,22,545594,8576,3295,0,0,0,0,0,1.786009591532991,5.597817099388126,0,4.635873160244749,0,80424,PROCTER & GAMBLE CO,pg,PROCTER & GAMBLE CO,20170630,20170807,-0.004267541259028363,../Data/filtered_textdata/2017/QTR3/20170807_10-K_edgar_data_80424_0000080424-17-000047_1.txt,712986,2017-08-07,48376,1168
23,23,849115,9950,3694,0,0,0,0,0,1.757420513362206,5.719869018696524,0,4.643049540509137,0,858877,CISCO SYSTEMS INC,csco,"CISCO SYSTEMS, INC.",20170729,20170907,0.01271638849315668,../Data/filtered_textdata/2017/QTR3/20170907_10-K_edgar_data_858877_0000858877-17-000016_1.txt,1085108,2017-09-07,75736,1267
24,24,263751,5610,2063,0,0,0,0,0,1.939919013089745,6.389490535831999,0,4.791317449854035,0,789019,MICROSOFT CORP,msft,MICROSOFT CORP,20170630,20170802,-0.005607414451236374,../Data/filtered_textdata/2017/QTR3/20170802_10-K_edgar_data_789019_0001564590-17-014900_1.txt,334505,2017-08-02,21238,1070
25,25,289665,5793,2069,0,0,0,0,0,2.507796812919212,5.263382748750375,0,4.817319605246293,0,320187,NIKE INC  -CL B,nke,NIKE INC,20170531,20170720,-0.002648142200668291,../Data/filtered_textdata/2017/QTR3/20170720_10-K_edgar_data_320187_0000320187-17-000090_1.txt,373266,2017-07-20,23407,1076
26,26,317360,6040,2061,0,0,0,0,0,1.872772765183107,5.072408825536431,0,4.649518538175752,0,320193,APPLE INC,aapl,APPLE INC,20170930,20171103,0.01390654468876159,../Data/filtered_textdata/2017/QTR4/20171103_10-K_edgar_data_320193_0000320193-17-000070_1.txt,405697,2017-11-03,26378,995
27,27,310578,7502,2620,0,0,0,0,0,2.27104802644371,5.358740034999029,0,4.84238771145246,0,1403161,VISA INC,v,VISA INC.,20170930,20171116,0.001521629206941287,../Data/filtered_textdata/2017/QTR4/20171117_10-K_edgar_data_1403161_0001403161-17-000044_1.txt,402066,2017-11-17,25715,1010
0,0,173510,4806,1556,0,0,0,0,0,1.913613996719519,6.021049753963915,0,4.724781301257519,0,354950,HOME DEPOT INC,hd,HOME DEPOT INC,20180128,20180322,-0.01637578561457206,../Data/filtered_textdata/2018/QTR1/20180322_10-K_edgar_data_354950_0000354950-18-000019_1.txt,227129,2018-03-22,14632,903
1,1,449486,7348,2626,0,0,0,0,0,2.421395012649078,5.690695282310751,0,4.756748491840649,0,4962,AMERICAN EXPRESS CO,axp,AMERICAN EXPRESS CO,20171231,20180216,-0.007120327524270469,../Data/filtered_textdata/2018/QTR1/20180216_10-K_edgar_data_4962_0000004962-18-000032_1.txt,558548,2018-02-16,35971,1251
2,2,565623,15121,5283,0,0,0,0,0,1.950101023859792,5.35085927035801,0,4.830325319530523,0,1666700,DU PONT (E I) DE NEMOURS,dd,DOWDUPONT INC.,20171231,20180215,-0.02535389824661524,../Data/filtered_textdata/2018/QTR1/20180215_10-K_edgar_data_1666700_0001666700-18-000009_1.txt,737726,2018-02-15,44049,1251
3,3,565623,15121,5283,0,0,0,0,0,1.950101023859792,5.35085927035801,0,4.830325319530523,0,1666700,DUPONT DE NEMOURS INC,dd,DOWDUPONT INC.,20171231,20180215,-0.02535389824661524,../Data/filtered_textdata/2018/QTR1/20180215_10-K_edgar_data_1666700_0001666700-18-000009_1.txt,737726,2018-02-15,44049,1251
4,4,357391,10633,3495,0,0,0,0,0,1.729357319322175,5.358571975364487,0,4.869515292807684,0,101829,RAYTHEON TECHNOLOGIES CORP,rtx,UNITED TECHNOLOGIES CORP /DE/,20171231,20180208,0.0003786461894279315,../Data/filtered_textdata/2018/QTR1/20180209_10-K_edgar_data_101829_0000101829-18-000005_1.txt,463211,2018-02-09,28739,966
5,5,953462,12227,4381,0,0,0,0,0,2.763636363636364,5.451851851851854,0,4.720781144781144,0,19617,JPMORGAN CHASE & CO,jpm,JPMORGAN CHASE & CO,20171231,20180227,-0.04791986652525233,../Data/filtered_textdata/2018/QTR1/20180227_10-K_edgar_data_19617_0000019617-18-000057_1.txt,1232566,2018-02-27,74250,1416
6,6,473072,10868,3636,0,0,0,0,0,2.561985672055181,5.944232869051107,0,4.791099629817039,0,310158,MERCK & CO,mrk,"MERCK & CO., INC.",20171231,20180227,-0.01949005752912632,../Data/filtered_textdata/2018/QTR1/20180227_10-K_edgar_data_310158_0000310158-18-000005_1.txt,612189,2018-02-27,37549,1262
7,7,829648,15158,5327,0,0,0,0,0,3.746410297526203,5.775594396419772,0,4.827694281257744,0,86312,TRAVELERS COS INC,trv,"TRAVELERS COMPANIES, INC.",20171231,20180215,-0.029639084151335,../Data/filtered_textdata/2018/QTR1/20180215_10-K_edgar_data_86312_0001047469-18-000812_1.txt,1072097,2018-02-15,68599,1386
8,8,371896,8491,2876,0,0,0,0,0,2.204633466947483,5.258509409606631,0,4.95546572457368,0,18230,CATERPILLAR INC,cat,CATERPILLAR INC,20171231,20180215,-0.04303030878731598,../Data/filtered_textdata/2018/QTR1/20180215_10-K_edgar_data_18230_0000018230-18-000042_1.txt,489169,2018-02-15,29438,1080
9,9,709203,12511,4829,0,0,0,0,0,1.89088605590308,5.260907435268035,0,4.815076411434001,0,104169,WALMART INC,wmt,WALMART INC.,20180131,20180330,0.01318481687707692,../Data/filtered_textdata/2018/QTR1/20180330_10-K_edgar_data_104169_0000104169-18-000028_1.txt,926093,2018-03-30,63145,1306
10,10,379634,7806,2629,0,0,0,0,0,2.062047185584247,5.576196668524367,0,4.676450554213883,0,50863,INTEL CORP,intc,INTEL CORP,20171230,20180216,-0.007635697538816658,../Data/filtered_textdata/2018/QTR1/20180216_10-K_edgar_data_50863_0000050863-18-000007_1.txt,498191,2018-02-16,32298,1258
11,11,301299,11352,3663,0,0,0,0,0,2.211223756685559,4.386525105771534,0,4.699169793246587,0,93410,CHEVRON CORP,cvx,CHEVRON CORP,20171231,20180222,0.02040223219104093,../Data/filtered_textdata/2018/QTR1/20180222_10-K_edgar_data_93410_0000093410-18-000010_1.txt,398406,2018-02-22,25054,1062
12,12,885035,18489,6171,0,0,0,0,0,2.206221980709143,5.497894307838608,0,4.843485939410407,0,78003,PFIZER INC,pfe,PFIZER INC,20171231,20180222,0.01633765054008026,../Data/filtered_textdata/2018/QTR1/20180222_10-K_edgar_data_78003_0000078003-18-000027_1.txt,1161002,2018-02-22,73610,1484
13,13,310458,8746,3172,0,0,0,0,0,1.641473783656117,5.247205164541016,0,4.950007872775942,0,34088,EXXON MOBIL CORP,xom,EXXON MOBIL CORP,20171231,20180228,-0.005916344301186918,../Data/filtered_textdata/2018/QTR1/20180228_10-K_edgar_data_34088_0000034088-18-000015_1.txt,405743,2018-02-28,25404,1117
14,14,287827,5530,1916,0,0,0,0,0,1.583463708339259,8.073768548807662,0,4.975157635234438,0,731766,UNITEDHEALTH GROUP INC,unh,UNITEDHEALTH GROUP INC,20171231,20180213,-0.0009159450580212922,../Data/filtered_textdata/2018/QTR1/20180213_10-K_edgar_data_731766_0000731766-18-000005_1.txt,381971,2018-02-13,21093,1127
15,15,516296,11998,4280,0,0,0,0,0,2.001275901991825,5.04453843064055,0,4.594712095078327,0,21344,COCA-COLA CO,ko,COCA COLA CO,20171231,20180223,-0.03168435148921996,../Data/filtered_textdata/2018/QTR1/20180223_10-K_edgar_data_21344_0000021344-18-000008_1.txt,667065,2018-02-23,42323,1206
16,16,279927,7714,2485,0,0,0,0,0,2.548549182925173,5.441129871893531,0,4.834864877099271,0,200406,JOHNSON & JOHNSON,jnj,JOHNSON & JOHNSON,20171231,20180221,0.009983771743992707,../Data/filtered_textdata/2018/QTR1/20180221_10-K_edgar_data_200406_0000200406-18-000005_1.txt,366638,2018-02-21,22091,1043
17,17,1628405,20206,7533,0,0,0,0,0,1.959725708516218,5.133149163523159,0,4.59450154955056,0,886982,GOLDMAN SACHS GROUP INC,gs,GOLDMAN SACHS GROUP INC,20171231,20180223,-0.06494444958004231,../Data/filtered_textdata/2018/QTR1/20180226_10-K_edgar_data_886982_0001193125-18-056383_1.txt,2073356,2018-02-26,142622,1492
18,18,15664,772,198,0,0,0,0,0,0.8453085376162299,3.803888419273034,0,4.924767540152155,0,63908,MCDONALD'S CORP,mcd,MCDONALDS CORP,20171231,20180223,-0.03975328849998683,../Data/filtered_textdata/2018/QTR1/20180223_10-K_edgar_data_63908_0000063908-18-000010_1.txt,21773,2018-02-23,1183,204
19,19,415012,11111,3516,0,0,0,0,0,2.333642095198255,5.291779962350971,0,4.879792033943885,0,66740,3M CO,mmm,3M CO,20171231,20180208,0.02440708778474156,../Data/filtered_textdata/2018/QTR1/20180208_10-K_edgar_data_66740_0001558370-18-000535_1.txt,526696,2018-02-08,33467,1250
20,20,244106,7630,2423,0,0,0,0,0,1.867389747262867,5.12636856645861,0,4.812493604829633,0,12927,BOEING CO,ba,BOEING CO,20171231,20180212,0.02327285176014537,../Data/filtered_textdata/2018/QTR1/20180212_10-K_edgar_data_12927_0000012927-18-000007_1.txt,317786,2018-02-12,19546,914
21,21,501830,13544,4679,0,0,0,0,0,1.575304117676999,4.949865119356645,0,4.802132641115691,0,51143,INTL BUSINESS MACHINES CORP,ibm,INTERNATIONAL BUSINESS MACHINES CORP,20171231,20180227,-0.02613544489800974,../Data/filtered_textdata/2018/QTR1/20180227_10-K_edgar_data_51143_0001047469-18-001117_1.txt,657130,2018-02-27,39294,1192
22,22,496059,11872,3972,0,0,0,0,0,1.553004726536124,5.843059708691039,0,4.717300086813928,0,732712,VERIZON COMMUNICATIONS INC,vz,VERIZON COMMUNICATIONS INC,20171231,20180223,-0.02434433542046728,../Data/filtered_textdata/2018/QTR1/20180223_10-K_edgar_data_732712_0000732712-18-000009_1.txt,641651,2018-02-23,41468,1251
23,23,894595,9714,3679,0,0,0,0,0,1.77162423701057,5.773907002133889,0,4.642313036573867,0,858877,CISCO SYSTEMS INC,csco,"CISCO SYSTEMS, INC.",20180728,20180906,-0.01819097510705009,../Data/filtered_textdata/2018/QTR3/20180906_10-K_edgar_data_858877_0000858877-18-000011_1.txt,1141703,2018-09-06,80604,1254
24,24,291595,5818,2127,0,0,0,0,0,2.037301520625053,6.468957405696044,0,4.827942535495254,0,789019,MICROSOFT CORP,msft,MICROSOFT CORP,20180630,20180803,0.0004421967875113102,../Data/filtered_textdata/2018/QTR3/20180803_10-K_edgar_data_789019_0001564590-18-019062_1.txt,371236,2018-08-03,23806,1128
25,25,287949,6165,2177,0,0,0,0,0,2.533697321276233,5.186828186316329,0,4.81986862310186,0,320187,NIKE INC  -CL B,nke,NIKE INC,20180531,20180724,-0.02856392225141085,../Data/filtered_textdata/2018/QTR3/20180725_10-K_edgar_data_320187_0000320187-18-000142_1.txt,372641,2018-07-25,23444,1097
26,26,386282,5478,2172,0,0,0,0,0,1.492210986608363,4.476632959825089,0,4.52965291063132,0,80424,PROCTER & GAMBLE CO,pg,PROCTER & GAMBLE CO,20180630,20180807,-0.0276396179380296,../Data/filtered_textdata/2018/QTR3/20180807_10-K_edgar_data_80424_0000080424-18-000055_1.txt,509493,2018-08-07,36590,930
27,27,252349,5191,1758,0,0,0,0,0,1.9303875586275,4.991360157985683,0,4.67316711922982,0,320193,APPLE INC,aapl,APPLE INC,20180929,20181105,0.02424885774444724,../Data/filtered_textdata/2018/QTR4/20181105_10-K_edgar_data_320193_0000320193-18-000145_1.txt,323243,2018-11-05,20255,922
28,28,301677,7053,2446,0,0,0,0,0,2.112168973517881,5.464437154972399,0,4.86398911912953,0,1403161,VISA INC,v,VISA INC.,20180930,20181116,-0.05484766079541809,../Data/filtered_textdata/2018/QTR4/20181116_10-K_edgar_data_1403161_0001403161-18-000055_1.txt,389959,2018-11-16,24998,1029
29,29,394517,8592,2894,0,0,0,0,0,2.555602435055151,6.587909107347357,0,4.78153818335242,0,1618921,WALGREENS BOOTS ALLIANCE INC,wba,"WALGREENS BOOTS ALLIANCE, INC.",20180831,20181011,0.06025071166371124,../Data/filtered_textdata/2018/QTR4/20181011_10-K_edgar_data_1618921_0001628280-18-012472_1.txt,508900,2018-10-11,33182,1247
