file name,"file size,","number of words,",weighted-FIN-NEG,weighted-H4N-INF
D:/CHX/fall2020/NLP/HW/1/all\3M CO20100216_10-K_edgar_data_66740_0001104659-10-007295_1.txt,547681,73450,0.243195263,0.127815189
D:/CHX/fall2020/NLP/HW/1/all\3M CO20110216_10-K_edgar_data_66740_0001104659-11-007845_1.txt,432278,55594,0.232135423,0.126711366
D:/CHX/fall2020/NLP/HW/1/all\3M CO20120216_10-K_edgar_data_66740_0001104659-12-010566_1.txt,451027,57878,0.225249722,0.131932091
D:/CHX/fall2020/NLP/HW/1/all\3M CO20130214_10-K_edgar_data_66740_0001104659-13-010881_1.txt,430089,55361,0.243571352,0.128437829
D:/CHX/fall2020/NLP/HW/1/all\3M CO20140213_10-K_edgar_data_66740_0001104659-14-009773_1.txt,420847,54030,0.235815987,0.128086526
D:/CHX/fall2020/NLP/HW/1/all\3M CO20150212_10-K_edgar_data_66740_0001104659-15-009560_1.txt,416700,53373,0.205063657,0.127369002
D:/CHX/fall2020/NLP/HW/1/all\3M CO20160211_10-K_edgar_data_66740_0001558370-16-003162_1.txt,520549,69682,0.206233534,0.11313834
D:/CHX/fall2020/NLP/HW/1/all\3M CO20170209_10-K_edgar_data_66740_0001558370-17-000479_1.txt,637190,85918,0.23381144,0.119259274
D:/CHX/fall2020/NLP/HW/1/all\3M CO20180208_10-K_edgar_data_66740_0001558370-18-000535_1.txt,526696,70681,0.230952388,0.131837067
D:/CHX/fall2020/NLP/HW/1/all\aapl20191031_10-K_edgar_data_320193_0000320193-19-000119_1.txt,239870,30769,0.241818969,0.113638056
D:/CHX/fall2020/NLP/HW/1/all\ALCOA INC20100218_10-K_edgar_data_4281_0001193125-10-034308_1.txt,1308166,177531,0.273396787,0.131901183
D:/CHX/fall2020/NLP/HW/1/all\ALCOA INC20110217_10-K_edgar_data_4281_0001193125-11-039230_1.txt,655303,85698,0.297057922,0.121724285
D:/CHX/fall2020/NLP/HW/1/all\ALCOA INC20120216_10-K_edgar_data_4281_0001193125-12-065493_1.txt,597116,77346,0.309457969,0.121440381
D:/CHX/fall2020/NLP/HW/1/all\ALCOA INC20130215_10-K_edgar_data_4281_0001193125-13-062916_1.txt,674819,87206,0.277534947,0.111769485
D:/CHX/fall2020/NLP/HW/1/all\ALCOA INC20140213_10-K_edgar_data_4281_0001193125-14-051516_1.txt,789553,103395,0.361792719,0.148783726
D:/CHX/fall2020/NLP/HW/1/all\ALCOA INC20150219_10-K_edgar_data_4281_0001193125-15-054376_1.txt,657861,85656,0.304925629,0.119292814
D:/CHX/fall2020/NLP/HW/1/all\ALCOA INC20160219_10-K_edgar_data_4281_0001193125-16-470162_1.txt,1755385,241817,0.21976972,0.10422074
D:/CHX/fall2020/NLP/HW/1/all\ALCOA INC20170228_10-K_edgar_data_4281_0001193125-17-062657_1.txt,918219,125671,0.213648091,0.107739708
D:/CHX/fall2020/NLP/HW/1/all\ALCOA INC20180226_10-K_edgar_data_4281_0000004281-18-000042_1.txt,1060962,145312,0.18848257,0.09910047
D:/CHX/fall2020/NLP/HW/1/all\AMERICAN EXPRESS CO20100226_10-K_edgar_data_4962_0001193125-10-041232_1.txt,763286,101066,0.220827586,0.116540842
D:/CHX/fall2020/NLP/HW/1/all\AMERICAN EXPRESS CO20110228_10-K_edgar_data_4962_0000950123-11-019072_1.txt,1092691,145251,0.224142991,0.129557997
D:/CHX/fall2020/NLP/HW/1/all\AMERICAN EXPRESS CO20120224_10-K_edgar_data_4962_0001193125-12-077400_1.txt,996728,133772,0.239695521,0.133602409
D:/CHX/fall2020/NLP/HW/1/all\AMERICAN EXPRESS CO20130222_10-K_edgar_data_4962_0001193125-13-070554_1.txt,909223,122449,0.247217467,0.126934905
D:/CHX/fall2020/NLP/HW/1/all\AMERICAN EXPRESS CO20140225_10-K_edgar_data_4962_0001193125-14-066777_1.txt,794037,106429,0.251290374,0.129482947
D:/CHX/fall2020/NLP/HW/1/all\AMERICAN EXPRESS CO20150224_10-K_edgar_data_4962_0001193125-15-059931_1.txt,802281,108038,0.267994044,0.139435627
D:/CHX/fall2020/NLP/HW/1/all\AMERICAN EXPRESS CO20160219_10-K_edgar_data_4962_0001193125-16-469798_1.txt,781685,106160,0.272676659,0.144656448
D:/CHX/fall2020/NLP/HW/1/all\AMERICAN EXPRESS CO20170217_10-K_edgar_data_4962_0001193125-17-047588_1.txt,777094,107179,0.265991872,0.140289807
D:/CHX/fall2020/NLP/HW/1/all\AMERICAN EXPRESS CO20180216_10-K_edgar_data_4962_0000004962-18-000032_1.txt,558548,76829,0.308980174,0.151341432
D:/CHX/fall2020/NLP/HW/1/all\APPLE INC20101027_10-K_edgar_data_320193_0001193125-10-238044_1.txt,358186,47986,0.275866941,0.119717129
D:/CHX/fall2020/NLP/HW/1/all\APPLE INC20111026_10-K_edgar_data_320193_0001193125-11-282113_1.txt,328595,44121,0.286626839,0.128664243
D:/CHX/fall2020/NLP/HW/1/all\APPLE INC20121031_10-K_edgar_data_320193_0001193125-12-444068_1.txt,276181,37200,0.18913335,0.10152071
D:/CHX/fall2020/NLP/HW/1/all\APPLE INC20131030_10-K_edgar_data_320193_0001193125-13-416534_1.txt,284228,38214,0.195558332,0.101282002
D:/CHX/fall2020/NLP/HW/1/all\APPLE INC20141027_10-K_edgar_data_320193_0001193125-14-383437_1.txt,355708,49281,0.180953765,0.08873562
D:/CHX/fall2020/NLP/HW/1/all\APPLE INC20151028_10-K_edgar_data_320193_0001193125-15-356351_1.txt,279871,38011,0.193709701,0.098006527
D:/CHX/fall2020/NLP/HW/1/all\APPLE INC20161026_10-K_edgar_data_320193_0001628280-16-020309_1.txt,332421,45682,0.18092579,0.087665838
D:/CHX/fall2020/NLP/HW/1/all\APPLE INC20171103_10-K_edgar_data_320193_0000320193-17-000070_1.txt,405697,56651,0.178867446,0.090903427
D:/CHX/fall2020/NLP/HW/1/all\APPLE INC20181105_10-K_edgar_data_320193_0000320193-18-000145_1.txt,323243,44254,0.191986006,0.091926956
D:/CHX/fall2020/NLP/HW/1/all\AT&T INC20100225_10-K_edgar_data_732717_0000732717-10-000013_1.txt,979122,138491,0.184650665,0.101047012
D:/CHX/fall2020/NLP/HW/1/all\AT&T INC20110301_10-K_edgar_data_732717_0000732717-11-000014_1.txt,574588,81125,0.236885762,0.107164732
D:/CHX/fall2020/NLP/HW/1/all\AT&T INC20120224_10-K_edgar_data_732717_0000732717-12-000025_1.txt,1791732,257125,0.181622637,0.096029253
D:/CHX/fall2020/NLP/HW/1/all\AT&T INC20130222_10-K_edgar_data_732717_0000732717-13-000017_1.txt,609848,86223,0.217671676,0.103424312
D:/CHX/fall2020/NLP/HW/1/all\AT&T INC20140221_10-K_edgar_data_732717_0000732717-14-000010_1.txt,1009780,143144,0.153808918,0.093167883
D:/CHX/fall2020/NLP/HW/1/all\AT&T INC20150220_10-K_edgar_data_732717_0000732717-15-000016_1.txt,397527,55103,0.16039971,0.097740218
D:/CHX/fall2020/NLP/HW/1/all\AT&T INC20160218_10-K_edgar_data_732717_0000732717-16-000147_1.txt,497581,68666,0.18435723,0.104824837
D:/CHX/fall2020/NLP/HW/1/all\AT&T INC20170217_10-K_edgar_data_732717_0000732717-17-000021_1.txt,706776,98426,0.223668929,0.114420664
D:/CHX/fall2020/NLP/HW/1/all\AT&T INC20180220_10-K_edgar_data_732717_0000732717-18-000009_1.txt,629042,88760,0.205785454,0.105659044
D:/CHX/fall2020/NLP/HW/1/all\axp20190213_10-K_edgar_data_4962_0000004962-19-000018_1.txt,578733,75658,0.310305939,0.146054877
D:/CHX/fall2020/NLP/HW/1/all\ba20190208_10-K_edgar_data_12927_0000012927-19-000010_1.txt,364922,46313,0.207758504,0.112507449
D:/CHX/fall2020/NLP/HW/1/all\BANK OF AMERICA CORP20100226_10-K_edgar_data_70858_0001193125-10-041666_1.txt,2623089,353418,0.24897172,0.111302558
D:/CHX/fall2020/NLP/HW/1/all\BANK OF AMERICA CORP20110225_10-K_edgar_data_70858_0000950123-11-018743_1.txt,1791618,225755,0.363401369,0.141897063
D:/CHX/fall2020/NLP/HW/1/all\BANK OF AMERICA CORP20120223_10-K_edgar_data_70858_0000070858-12-000155_1.txt,1688176,212880,0.38510814,0.138767866
D:/CHX/fall2020/NLP/HW/1/all\BANK OF AMERICA CORP20130228_10-K_edgar_data_70858_0000070858-13-000097_1.txt,1546653,196785,0.39842511,0.142124229
D:/CHX/fall2020/NLP/HW/1/all\BANK OF AMERICA CORP20140225_10-K_edgar_data_70858_0000070858-14-000012_1.txt,1271202,159649,0.380959353,0.138033567
D:/CHX/fall2020/NLP/HW/1/all\BANK OF AMERICA CORP20150225_10-K_edgar_data_70858_0000070858-15-000008_1.txt,1155540,152507,0.371343523,0.135545412
D:/CHX/fall2020/NLP/HW/1/all\BANK OF AMERICA CORP20160224_10-K_edgar_data_70858_0000070858-16-000137_1.txt,2314932,331251,0.227909721,0.117547741
D:/CHX/fall2020/NLP/HW/1/all\BANK OF AMERICA CORP20170223_10-K_edgar_data_70858_0000070858-17-000013_1.txt,870935,114766,0.353092668,0.13826764
D:/CHX/fall2020/NLP/HW/1/all\BANK OF AMERICA CORP20180222_10-K_edgar_data_70858_0000070858-18-000009_1.txt,790911,104035,0.345384736,0.136805172
D:/CHX/fall2020/NLP/HW/1/all\BOEING CO20100208_10-K_edgar_data_12927_0001193125-10-024406_1.txt,394742,50400,0.302203943,0.137564378
D:/CHX/fall2020/NLP/HW/1/all\BOEING CO20110209_10-K_edgar_data_12927_0001193125-11-028490_1.txt,386057,49560,0.261888931,0.11310074
D:/CHX/fall2020/NLP/HW/1/all\BOEING CO20120209_10-K_edgar_data_12927_0001193125-12-048565_1.txt,359478,45814,0.248619519,0.113561498
D:/CHX/fall2020/NLP/HW/1/all\BOEING CO20130211_10-K_edgar_data_12927_0000012927-13-000014_1.txt,344180,44761,0.254359268,0.110476581
D:/CHX/fall2020/NLP/HW/1/all\BOEING CO20140214_10-K_edgar_data_12927_0000012927-14-000004_1.txt,412485,54077,0.238142913,0.111793728
D:/CHX/fall2020/NLP/HW/1/all\BOEING CO20150212_10-K_edgar_data_12927_0000012927-15-000011_1.txt,339409,44011,0.225203658,0.10525487
D:/CHX/fall2020/NLP/HW/1/all\BOEING CO20160210_10-K_edgar_data_12927_0000012927-16-000099_1.txt,450771,59481,0.242352325,0.112531462
D:/CHX/fall2020/NLP/HW/1/all\BOEING CO20170208_10-K_edgar_data_12927_0000012927-17-000006_1.txt,531492,71879,0.244868819,0.114557331
D:/CHX/fall2020/NLP/HW/1/all\BOEING CO20180212_10-K_edgar_data_12927_0000012927-18-000007_1.txt,317786,41577,0.205738215,0.104501691
D:/CHX/fall2020/NLP/HW/1/all\CATERPILLAR INC20190214_10-K_edgar_data_18230_0000018230-19-000034_1.txt,526605,64325,0.241610807,0.119043652
D:/CHX/fall2020/NLP/HW/1/all\CATERPILLAR INC20100219_10-K_edgar_data_18230_0000018230-10-000092_1.txt,679447,84900,0.241486539,0.1332913
D:/CHX/fall2020/NLP/HW/1/all\CATERPILLAR INC20110222_10-K_edgar_data_18230_0001104659-11-008938_1.txt,779895,97714,0.228456956,0.128633502
D:/CHX/fall2020/NLP/HW/1/all\CATERPILLAR INC20120221_10-K_edgar_data_18230_0001104659-12-011331_1.txt,605049,74298,0.211571692,0.126639615
D:/CHX/fall2020/NLP/HW/1/all\CATERPILLAR INC20130219_10-K_edgar_data_18230_0000018230-13-000075_1.txt,840104,109100,0.214866749,0.11857354
D:/CHX/fall2020/NLP/HW/1/all\CATERPILLAR INC20140218_10-K_edgar_data_18230_0000018230-14-000058_1.txt,843987,109183,0.234000907,0.121136638
D:/CHX/fall2020/NLP/HW/1/all\CATERPILLAR INC20150217_10-K_edgar_data_18230_0000018230-15-000061_1.txt,936797,123318,0.246161625,0.128793054
D:/CHX/fall2020/NLP/HW/1/all\CATERPILLAR INC20160216_10-K_edgar_data_18230_0000018230-16-000410_1.txt,511062,64891,0.267995568,0.132606481
D:/CHX/fall2020/NLP/HW/1/all\CATERPILLAR INC20170215_10-K_edgar_data_18230_0000018230-17-000041_1.txt,606965,79272,0.271578482,0.137613553
D:/CHX/fall2020/NLP/HW/1/all\CATERPILLAR INC20180215_10-K_edgar_data_18230_0000018230-18-000042_1.txt,489169,61494,0.249722063,0.117510922
D:/CHX/fall2020/NLP/HW/1/all\CHEVRON CORP20100225_10-K_edgar_data_93410_0000950123-10-016846_1.txt,499206,65409,0.14848775,0.144255842
D:/CHX/fall2020/NLP/HW/1/all\CHEVRON CORP20110224_10-K_edgar_data_93410_0000950123-11-017688_1.txt,504079,65508,0.15191712,0.145217707
D:/CHX/fall2020/NLP/HW/1/all\CHEVRON CORP20120223_10-K_edgar_data_93410_0000950123-12-002976_1.txt,448448,58233,0.13653863,0.143452839
D:/CHX/fall2020/NLP/HW/1/all\CHEVRON CORP20130222_10-K_edgar_data_93410_0000093410-13-000003_1.txt,442829,56598,0.13393735,0.144948977
D:/CHX/fall2020/NLP/HW/1/all\CHEVRON CORP20140221_10-K_edgar_data_93410_0000093410-14-000011_1.txt,446576,57304,0.152978701,0.146987166
D:/CHX/fall2020/NLP/HW/1/all\CHEVRON CORP20150220_10-K_edgar_data_93410_0000093410-15-000010_1.txt,439987,56999,0.168183727,0.143192753
D:/CHX/fall2020/NLP/HW/1/all\CHEVRON CORP20160225_10-K_edgar_data_93410_0000093410-16-000049_1.txt,386828,49992,0.166076142,0.158598771
D:/CHX/fall2020/NLP/HW/1/all\CHEVRON CORP20170223_10-K_edgar_data_93410_0000093410-17-000013_1.txt,397095,51207,0.171019698,0.164749576
D:/CHX/fall2020/NLP/HW/1/all\CHEVRON CORP20180222_10-K_edgar_data_93410_0000093410-18-000010_1.txt,398406,51354,0.169097783,0.159684306
D:/CHX/fall2020/NLP/HW/1/all\CISCO SYSTEMS INC20100921_10-K_edgar_data_858877_0001193125-10-213400_1.txt,973589,136097,0.175741171,0.092417535
D:/CHX/fall2020/NLP/HW/1/all\CISCO SYSTEMS INC20110914_10-K_edgar_data_858877_0001193125-11-247394_1.txt,831803,115563,0.196464263,0.104963436
D:/CHX/fall2020/NLP/HW/1/all\CISCO SYSTEMS INC20120912_10-K_edgar_data_858877_0001193125-12-388590_1.txt,871776,122023,0.191363463,0.102876227
D:/CHX/fall2020/NLP/HW/1/all\CISCO SYSTEMS INC20130910_10-K_edgar_data_858877_0000858877-13-000049_1.txt,1037970,143505,0.20306341,0.106117294
D:/CHX/fall2020/NLP/HW/1/all\CISCO SYSTEMS INC20140909_10-K_edgar_data_858877_0000858877-14-000029_1.txt,489209,63908,0.244290901,0.124241056
D:/CHX/fall2020/NLP/HW/1/all\CISCO SYSTEMS INC20150908_10-K_edgar_data_858877_0000858877-15-000070_1.txt,966700,135638,0.186814231,0.101265996
D:/CHX/fall2020/NLP/HW/1/all\CISCO SYSTEMS INC20160908_10-K_edgar_data_858877_0000858877-16-000117_1.txt,1050332,147855,0.189808593,0.102878872
D:/CHX/fall2020/NLP/HW/1/all\CISCO SYSTEMS INC20170907_10-K_edgar_data_858877_0000858877-17-000016_1.txt,1085108,154559,0.186367228,0.102404939
D:/CHX/fall2020/NLP/HW/1/all\CISCO SYSTEMS INC20180906_10-K_edgar_data_858877_0000858877-18-000011_1.txt,1141703,163782,0.185262948,0.103477528
D:/CHX/fall2020/NLP/HW/1/all\CITIGROUP INC20100226_10-K_edgar_data_831001_0001206774-10-000406_1.txt,1104724,140926,0.255689638,0.126255968
D:/CHX/fall2020/NLP/HW/1/all\CITIGROUP INC20110225_10-K_edgar_data_831001_0001206774-11-000316_1.txt,1091727,143305,0.282487947,0.13978844
D:/CHX/fall2020/NLP/HW/1/all\CITIGROUP INC20120224_10-K_edgar_data_831001_0001206774-12-000799_1.txt,1084889,139442,0.283784722,0.135378084
D:/CHX/fall2020/NLP/HW/1/all\CITIGROUP INC20130301_10-K_edgar_data_831001_0001206774-13-000852_1.txt,1662900,220497,0.235032215,0.11745824
D:/CHX/fall2020/NLP/HW/1/all\CITIGROUP INC20140303_10-K_edgar_data_831001_0001104659-14-015152_1.txt,1782611,243348,0.225931187,0.114298872
D:/CHX/fall2020/NLP/HW/1/all\CITIGROUP INC20150225_10-K_edgar_data_831001_0000831001-15-000043_1.txt,1045745,134825,0.269729022,0.1325233
D:/CHX/fall2020/NLP/HW/1/all\CITIGROUP INC20160226_10-K_edgar_data_831001_0000831001-16-000235_1.txt,1945611,269927,0.212054699,0.11004635
D:/CHX/fall2020/NLP/HW/1/all\CITIGROUP INC20170224_10-K_edgar_data_831001_0000831001-17-000038_1.txt,945693,121704,0.260508205,0.12766292
D:/CHX/fall2020/NLP/HW/1/all\CITIGROUP INC20180223_10-K_edgar_data_831001_0000831001-18-000040_1.txt,916395,118698,0.258948408,0.131906588
D:/CHX/fall2020/NLP/HW/1/all\COCA-COLA CO20100226_10-K_edgar_data_21344_0001047469-10-001476_1.txt,628859,84976,0.190413206,0.103917511
D:/CHX/fall2020/NLP/HW/1/all\COCA-COLA CO20110228_10-K_edgar_data_21344_0001047469-11-001506_1.txt,852432,114697,0.177218078,0.089748619
D:/CHX/fall2020/NLP/HW/1/all\COCA-COLA CO20120223_10-K_edgar_data_21344_0000021344-12-000007_1.txt,786512,106755,0.177537648,0.09096152
D:/CHX/fall2020/NLP/HW/1/all\COCA-COLA CO20130227_10-K_edgar_data_21344_0000021344-13-000007_1.txt,871345,119091,0.189788117,0.097377805
D:/CHX/fall2020/NLP/HW/1/all\COCA-COLA CO20140227_10-K_edgar_data_21344_0000021344-14-000008_1.txt,644109,87111,0.177728942,0.095722661
D:/CHX/fall2020/NLP/HW/1/all\COCA-COLA CO20150225_10-K_edgar_data_21344_0000021344-15-000005_1.txt,684399,92993,0.176225009,0.112994802
D:/CHX/fall2020/NLP/HW/1/all\COCA-COLA CO20160225_10-K_edgar_data_21344_0000021344-16-000050_1.txt,672982,91429,0.18723691,0.131636869
D:/CHX/fall2020/NLP/HW/1/all\COCA-COLA CO20170224_10-K_edgar_data_21344_0000021344-17-000009_1.txt,661339,89296,0.182368102,0.12921779
D:/CHX/fall2020/NLP/HW/1/all\COCA-COLA CO20180223_10-K_edgar_data_21344_0000021344-18-000008_1.txt,667065,89694,0.186144161,0.123617885
D:/CHX/fall2020/NLP/HW/1/all\csco20190905_10-K_edgar_data_858877_0000858877-19-000012_1.txt,432487,56500,0.298520973,0.151975466
D:/CHX/fall2020/NLP/HW/1/all\cvx20190222_10-K_edgar_data_93410_0000093410-19-000008_1.txt,421105,50966,0.182325195,0.171278052
D:/CHX/fall2020/NLP/HW/1/all\dis20191120_10-K_edgar_data_1744489_0001744489-19-000225_1.txt,472126,58317,0.15899283,0.092908749
D:/CHX/fall2020/NLP/HW/1/all\DU PONT (E I) DE NEMOURS20100217_10-K_edgar_data_30554_0001047469-10-000954_1.txt,377982,48588,0.218018771,0.116048073
D:/CHX/fall2020/NLP/HW/1/all\DU PONT (E I) DE NEMOURS20110208_10-K_edgar_data_30554_0001047469-11-000602_1.txt,342794,43236,0.201380236,0.111414502
D:/CHX/fall2020/NLP/HW/1/all\DU PONT (E I) DE NEMOURS20120209_10-K_edgar_data_30554_0000030554-12-000005_1.txt,327065,41369,0.149312612,0.093270356
D:/CHX/fall2020/NLP/HW/1/all\DU PONT (E I) DE NEMOURS20130207_10-K_edgar_data_30554_0000030554-13-000006_1.txt,378738,48348,0.186006143,0.103747848
D:/CHX/fall2020/NLP/HW/1/all\DU PONT (E I) DE NEMOURS20140205_10-K_edgar_data_30554_0000030554-14-000002_1.txt,382185,49259,0.184766099,0.096112496
D:/CHX/fall2020/NLP/HW/1/all\DU PONT (E I) DE NEMOURS20150205_10-K_edgar_data_30554_0000030554-15-000004_1.txt,326517,41111,0.186553025,0.094793676
D:/CHX/fall2020/NLP/HW/1/all\DU PONT (E I) DE NEMOURS20160204_10-K_edgar_data_30554_0000030554-16-000106_1.txt,628840,83224,0.238995323,0.119106198
D:/CHX/fall2020/NLP/HW/1/all\DU PONT (E I) DE NEMOURS20170202_10-K_edgar_data_30554_0000030554-17-000004_1.txt,577294,76471,0.249377695,0.12265419
D:/CHX/fall2020/NLP/HW/1/all\DU PONT (E I) DE NEMOURS20180215_10-K_edgar_data_30554_0000030554-18-000002_1.txt,617826,81765,0.238700343,0.113011514
D:/CHX/fall2020/NLP/HW/1/all\DUPONT DE NEMOURS INC20180215_10-K_edgar_data_1666700_0001666700-18-000009_1.txt,737726,91731,0.205102861,0.099689227
D:/CHX/fall2020/NLP/HW/1/all\EXXON MOBIL CORP20100226_10-K_edgar_data_34088_0001193125-10-042929_1.txt,421751,52860,0.150030788,0.089346004
D:/CHX/fall2020/NLP/HW/1/all\EXXON MOBIL CORP20110225_10-K_edgar_data_34088_0001193125-11-047394_1.txt,328559,41170,0.145528125,0.10033111
D:/CHX/fall2020/NLP/HW/1/all\EXXON MOBIL CORP20120224_10-K_edgar_data_34088_0001193125-12-078102_1.txt,412203,51767,0.185749329,0.107106193
D:/CHX/fall2020/NLP/HW/1/all\EXXON MOBIL CORP20130227_10-K_edgar_data_34088_0000034088-13-000011_1.txt,338764,43643,0.178175222,0.103154915
D:/CHX/fall2020/NLP/HW/1/all\EXXON MOBIL CORP20140226_10-K_edgar_data_34088_0000034088-14-000012_1.txt,425044,54238,0.207205325,0.116370362
D:/CHX/fall2020/NLP/HW/1/all\EXXON MOBIL CORP20150225_10-K_edgar_data_34088_0000034088-15-000013_1.txt,358729,44682,0.168640768,0.110943751
D:/CHX/fall2020/NLP/HW/1/all\EXXON MOBIL CORP20160224_10-K_edgar_data_34088_0000034088-16-000065_1.txt,495744,67988,0.134104345,0.093662756
D:/CHX/fall2020/NLP/HW/1/all\EXXON MOBIL CORP20170222_10-K_edgar_data_34088_0000034088-17-000017_1.txt,379508,48510,0.16610388,0.098498592
D:/CHX/fall2020/NLP/HW/1/all\EXXON MOBIL CORP20180228_10-K_edgar_data_34088_0000034088-18-000015_1.txt,405743,52397,0.181772127,0.104335852
D:/CHX/fall2020/NLP/HW/1/all\GENERAL ELECTRIC CO20100219_10-K_edgar_data_40545_0000040545-10-000010_1.txt,1490499,203888,0.230089441,0.108667286
D:/CHX/fall2020/NLP/HW/1/all\GENERAL ELECTRIC CO20110225_10-K_edgar_data_40545_0001193125-11-047479_1.txt,706014,92517,0.215393021,0.107747493
D:/CHX/fall2020/NLP/HW/1/all\GENERAL ELECTRIC CO20120224_10-K_edgar_data_40545_0000040545-12-000016_1.txt,579194,76606,0.204957022,0.102765547
D:/CHX/fall2020/NLP/HW/1/all\GENERAL ELECTRIC CO20130226_10-K_edgar_data_40545_0000040545-13-000036_1.txt,589764,78069,0.218309915,0.107738833
D:/CHX/fall2020/NLP/HW/1/all\GENERAL ELECTRIC CO20140227_10-K_edgar_data_40545_0000040554-14-000023_1.txt,615155,81742,0.214679182,0.111289377
D:/CHX/fall2020/NLP/HW/1/all\GENERAL ELECTRIC CO20150227_10-K_edgar_data_40545_0000040545-15-000030_1.txt,564075,74316,0.202070449,0.110856457
D:/CHX/fall2020/NLP/HW/1/all\GENERAL ELECTRIC CO20160226_10-K_edgar_data_40545_0000040545-16-000145_1.txt,636523,85458,0.184790129,0.116933882
D:/CHX/fall2020/NLP/HW/1/all\GENERAL ELECTRIC CO20170224_10-K_edgar_data_40545_0000040545-17-000010_1.txt,583223,77295,0.185029497,0.11580751
D:/CHX/fall2020/NLP/HW/1/all\GENERAL ELECTRIC CO20180223_10-K_edgar_data_40545_0000040545-18-000014_1.txt,1008797,133902,0.230367672,0.126282247
D:/CHX/fall2020/NLP/HW/1/all\GENERAL MOTORS CO20100407_10-K_edgar_data_1467858_0001193125-10-078119_1.txt,2615301,359607,0.184586376,0.100010842
D:/CHX/fall2020/NLP/HW/1/all\GENERAL MOTORS CO20110301_10-K_edgar_data_1467858_0001193125-11-051462_1.txt,1539160,201372,0.227542857,0.117589789
D:/CHX/fall2020/NLP/HW/1/all\GENERAL MOTORS CO20120227_10-K_edgar_data_1467858_0001467858-12-000014_1.txt,748020,94075,0.222919831,0.123132794
D:/CHX/fall2020/NLP/HW/1/all\GENERAL MOTORS CO20130215_10-K_edgar_data_1467858_0001467858-13-000025_1.txt,1298068,171327,0.26670139,0.119299211
D:/CHX/fall2020/NLP/HW/1/all\GENERAL MOTORS CO20140206_10-K_edgar_data_1467858_0001467858-14-000043_1.txt,679872,87338,0.222000326,0.122596129
D:/CHX/fall2020/NLP/HW/1/all\GENERAL MOTORS CO20150204_10-K_edgar_data_1467858_0001467858-15-000036_1.txt,513698,63052,0.290408935,0.130245323
D:/CHX/fall2020/NLP/HW/1/all\GENERAL MOTORS CO20160203_10-K_edgar_data_1467858_0001467858-16-000255_1.txt,454225,57255,0.285610219,0.129363135
D:/CHX/fall2020/NLP/HW/1/all\GENERAL MOTORS CO20170207_10-K_edgar_data_1467858_0001467858-17-000028_1.txt,423003,54159,0.279647945,0.138577288
D:/CHX/fall2020/NLP/HW/1/all\GENERAL MOTORS CO20180206_10-K_edgar_data_1467858_0001467858-18-000022_1.txt,446825,58604,0.278957161,0.138542944
D:/CHX/fall2020/NLP/HW/1/all\GOLDMAN SACHS GROUP INC20100301_10-K_edgar_data_886982_0000950123-10-018464_1.txt,1283324,175140,0.259131317,0.13158562
D:/CHX/fall2020/NLP/HW/1/all\GOLDMAN SACHS GROUP INC20110301_10-K_edgar_data_886982_0000950123-11-020067_1.txt,1182152,159261,0.268301577,0.135094606
D:/CHX/fall2020/NLP/HW/1/all\GOLDMAN SACHS GROUP INC20120228_10-K_edgar_data_886982_0001193125-12-085822_1.txt,1244638,170767,0.277267279,0.137112218
D:/CHX/fall2020/NLP/HW/1/all\GOLDMAN SACHS GROUP INC20130301_10-K_edgar_data_886982_0001193125-13-085474_1.txt,1543995,218065,0.255267942,0.126800856
D:/CHX/fall2020/NLP/HW/1/all\GOLDMAN SACHS GROUP INC20140228_10-K_edgar_data_886982_0001193125-14-073792_1.txt,1206914,166518,0.264718559,0.13005273
D:/CHX/fall2020/NLP/HW/1/all\GOLDMAN SACHS GROUP INC20150223_10-K_edgar_data_886982_0001193125-15-056785_1.txt,1372279,191726,0.26678699,0.126420904
D:/CHX/fall2020/NLP/HW/1/all\GOLDMAN SACHS GROUP INC20160222_10-K_edgar_data_886982_0001193125-16-470289_1.txt,1638408,229856,0.306427339,0.132386589
D:/CHX/fall2020/NLP/HW/1/all\GOLDMAN SACHS GROUP INC20170227_10-K_edgar_data_886982_0001193125-17-056804_1.txt,1393837,192808,0.29885653,0.130262564
D:/CHX/fall2020/NLP/HW/1/all\GOLDMAN SACHS GROUP INC20180226_10-K_edgar_data_886982_0001193125-18-056383_1.txt,2073356,295182,0.262874836,0.119023127
D:/CHX/fall2020/NLP/HW/1/all\gs20190226_10-K_edgar_data_886982_0001193125-19-050198_1.txt,958587,123574,0.292553043,0.131102137
D:/CHX/fall2020/NLP/HW/1/all\hd20190328_10-K_edgar_data_354950_0000354950-19-000010_1.txt,248930,32687,0.182929062,0.11237769
D:/CHX/fall2020/NLP/HW/1/all\HOME DEPOT INC20100325_10-K_edgar_data_354950_0001193125-10-067178_1.txt,207048,27149,0.188199119,0.078377539
D:/CHX/fall2020/NLP/HW/1/all\HOME DEPOT INC20110324_10-K_edgar_data_354950_0001193125-11-076501_1.txt,231321,30905,0.198481012,0.096043274
D:/CHX/fall2020/NLP/HW/1/all\HOME DEPOT INC20120322_10-K_edgar_data_354950_0000354950-12-000003_1.txt,195031,25449,0.15743486,0.078349449
D:/CHX/fall2020/NLP/HW/1/all\HOME DEPOT INC20130328_10-K_edgar_data_354950_0000354950-13-000008_1.txt,204304,26749,0.14492806,0.077574374
D:/CHX/fall2020/NLP/HW/1/all\HOME DEPOT INC20140327_10-K_edgar_data_354950_0000354950-14-000008_1.txt,228638,30437,0.156183803,0.082469924
D:/CHX/fall2020/NLP/HW/1/all\HOME DEPOT INC20150326_10-K_edgar_data_354950_0000354950-15-000008_1.txt,246997,33120,0.217119025,0.120580611
D:/CHX/fall2020/NLP/HW/1/all\HOME DEPOT INC20160324_10-K_edgar_data_354950_0000354950-16-000060_1.txt,293510,39229,0.225138998,0.127306486
D:/CHX/fall2020/NLP/HW/1/all\HOME DEPOT INC20170323_10-K_edgar_data_354950_0000354950-17-000005_1.txt,261006,34863,0.173773204,0.104755278
D:/CHX/fall2020/NLP/HW/1/all\HOME DEPOT INC20180322_10-K_edgar_data_354950_0000354950-18-000019_1.txt,227129,30320,0.181521776,0.108771457
D:/CHX/fall2020/NLP/HW/1/all\HP INC20101215_10-K_edgar_data_47217_0001047469-10-010444_1.txt,742414,100845,0.222768151,0.118193395
D:/CHX/fall2020/NLP/HW/1/all\HP INC20111214_10-K_edgar_data_47217_0001047469-11-010094_1.txt,523595,67279,0.275582584,0.120518689
D:/CHX/fall2020/NLP/HW/1/all\HP INC20121227_10-K_edgar_data_47217_0001047469-12-011417_1.txt,542025,70226,0.306210914,0.123086868
D:/CHX/fall2020/NLP/HW/1/all\HP INC20131230_10-K_edgar_data_47217_0001047469-13-011417_1.txt,542531,70343,0.320453386,0.13053032
D:/CHX/fall2020/NLP/HW/1/all\HP INC20141218_10-K_edgar_data_47217_0001047469-14-009977_1.txt,521769,67642,0.325072414,0.131263333
D:/CHX/fall2020/NLP/HW/1/all\HP INC20151216_10-K_edgar_data_47217_0001047469-15-009251_1.txt,637528,84201,0.26770327,0.127540671
D:/CHX/fall2020/NLP/HW/1/all\HP INC20161215_10-K_edgar_data_47217_0000047217-16-000093_1.txt,435503,56946,0.29653841,0.141343067
D:/CHX/fall2020/NLP/HW/1/all\HP INC20171214_10-K_edgar_data_47217_0000047217-17-000043_1.txt,467382,61828,0.292706319,0.139066882
D:/CHX/fall2020/NLP/HW/1/all\HP INC20181213_10-K_edgar_data_47217_0000047217-18-000052_1.txt,609188,81632,0.223608445,0.12068438
D:/CHX/fall2020/NLP/HW/1/all\ibm20190226_10-K_edgar_data_51143_0001047469-19-000712_1.txt,110078,14499,0.186468024,0.104928135
D:/CHX/fall2020/NLP/HW/1/all\intc20190201_10-K_edgar_data_50863_0000050863-19-000007_1.txt,411378,53217,0.285534615,0.123693675
D:/CHX/fall2020/NLP/HW/1/all\INTEL CORP20100222_10-K_edgar_data_50863_0000950123-10-015237_1.txt,497412,64832,0.262873525,0.129798742
D:/CHX/fall2020/NLP/HW/1/all\INTEL CORP20110218_10-K_edgar_data_50863_0000950123-11-015783_1.txt,414019,53207,0.253226167,0.122477016
D:/CHX/fall2020/NLP/HW/1/all\INTEL CORP20120223_10-K_edgar_data_50863_0001193125-12-075534_1.txt,399784,54529,0.254372197,0.133565201
D:/CHX/fall2020/NLP/HW/1/all\INTEL CORP20130219_10-K_edgar_data_50863_0001193125-13-065416_1.txt,357378,48095,0.222820385,0.12728904
D:/CHX/fall2020/NLP/HW/1/all\INTEL CORP20140214_10-K_edgar_data_50863_0000050863-14-000020_1.txt,392188,52307,0.244310006,0.140157849
D:/CHX/fall2020/NLP/HW/1/all\INTEL CORP20150213_10-K_edgar_data_50863_0000050863-15-000015_1.txt,395393,52721,0.260710657,0.146893779
D:/CHX/fall2020/NLP/HW/1/all\INTEL CORP20160212_10-K_edgar_data_50863_0000050863-16-000105_1.txt,418869,55591,0.258497247,0.139416473
D:/CHX/fall2020/NLP/HW/1/all\INTEL CORP20170217_10-K_edgar_data_50863_0000050863-17-000012_1.txt,411922,55171,0.233638252,0.118010711
D:/CHX/fall2020/NLP/HW/1/all\INTEL CORP20180216_10-K_edgar_data_50863_0000050863-18-000007_1.txt,498191,67050,0.246602895,0.126015817
D:/CHX/fall2020/NLP/HW/1/all\INTL BUSINESS MACHINES CORP20100223_10-K_edgar_data_51143_0001047469-10-001151_1.txt,762948,101893,0.145160062,0.08326073
D:/CHX/fall2020/NLP/HW/1/all\INTL BUSINESS MACHINES CORP20110222_10-K_edgar_data_51143_0001047469-11-001117_1.txt,585042,75381,0.14377913,0.069959364
D:/CHX/fall2020/NLP/HW/1/all\INTL BUSINESS MACHINES CORP20120228_10-K_edgar_data_51143_0001047469-12-001742_1.txt,607758,77717,0.145323278,0.070829081
D:/CHX/fall2020/NLP/HW/1/all\INTL BUSINESS MACHINES CORP20130226_10-K_edgar_data_51143_0001047469-13-001698_1.txt,640296,82168,0.140007433,0.071366328
D:/CHX/fall2020/NLP/HW/1/all\INTL BUSINESS MACHINES CORP20140225_10-K_edgar_data_51143_0001047469-14-001302_1.txt,676164,87448,0.142802428,0.06868236
D:/CHX/fall2020/NLP/HW/1/all\INTL BUSINESS MACHINES CORP20150224_10-K_edgar_data_51143_0001047469-15-001106_1.txt,748926,97900,0.168175981,0.078323464
D:/CHX/fall2020/NLP/HW/1/all\INTL BUSINESS MACHINES CORP20160223_10-K_edgar_data_51143_0001047469-16-010329_1.txt,807608,106540,0.177468553,0.083802355
D:/CHX/fall2020/NLP/HW/1/all\INTL BUSINESS MACHINES CORP20170228_10-K_edgar_data_51143_0001047469-17-001061_1.txt,751365,97425,0.168306258,0.086183588
D:/CHX/fall2020/NLP/HW/1/all\INTL BUSINESS MACHINES CORP20180227_10-K_edgar_data_51143_0001047469-18-001117_1.txt,657130,84881,0.165206215,0.082869096
D:/CHX/fall2020/NLP/HW/1/all\jnj20190220_10-K_edgar_data_200406_0000200406-19-000009_1.txt,415241,50679,0.308681724,0.138173778
D:/CHX/fall2020/NLP/HW/1/all\JOHNSON & JOHNSON20100301_10-K_edgar_data_200406_0000950123-10-019392_1.txt,283495,35007,0.236590919,0.096954447
D:/CHX/fall2020/NLP/HW/1/all\JOHNSON & JOHNSON20110225_10-K_edgar_data_200406_0000950123-11-018128_1.txt,298536,35308,0.308834373,0.121006079
D:/CHX/fall2020/NLP/HW/1/all\JOHNSON & JOHNSON20120223_10-K_edgar_data_200406_0001193125-12-075565_1.txt,346610,43267,0.306156395,0.128222325
D:/CHX/fall2020/NLP/HW/1/all\JOHNSON & JOHNSON20130222_10-K_edgar_data_200406_0000200406-13-000038_1.txt,360103,44507,0.330099247,0.146641759
D:/CHX/fall2020/NLP/HW/1/all\JOHNSON & JOHNSON20140221_10-K_edgar_data_200406_0000200406-14-000033_1.txt,335239,40827,0.317886511,0.13950734
D:/CHX/fall2020/NLP/HW/1/all\JOHNSON & JOHNSON20150224_10-K_edgar_data_200406_0000200406-15-000004_1.txt,343351,41912,0.306456264,0.151031935
D:/CHX/fall2020/NLP/HW/1/all\JOHNSON & JOHNSON20160224_10-K_edgar_data_200406_0000200406-16-000071_1.txt,355272,43721,0.310535757,0.145965128
D:/CHX/fall2020/NLP/HW/1/all\JOHNSON & JOHNSON20170227_10-K_edgar_data_200406_0000200406-17-000006_1.txt,366757,45476,0.311685595,0.135171041
D:/CHX/fall2020/NLP/HW/1/all\JOHNSON & JOHNSON20180221_10-K_edgar_data_200406_0000200406-18-000005_1.txt,366638,45253,0.290591166,0.12962533
D:/CHX/fall2020/NLP/HW/1/all\jpm20190226_10-K_edgar_data_19617_0000019617-19-000054_1.txt,1231150,151114,0.308272514,0.135385816
D:/CHX/fall2020/NLP/HW/1/all\JPMORGAN CHASE & CO20100224_10-K_edgar_data_19617_0000950123-10-016029_1.txt,1133725,153730,0.288989804,0.119198695
D:/CHX/fall2020/NLP/HW/1/all\JPMORGAN CHASE & CO20110228_10-K_edgar_data_19617_0000950123-11-019773_1.txt,1128125,151592,0.281445511,0.121397871
D:/CHX/fall2020/NLP/HW/1/all\JPMORGAN CHASE & CO20120229_10-K_edgar_data_19617_0000019617-12-000163_1.txt,1730322,238576,0.338216644,0.162760321
D:/CHX/fall2020/NLP/HW/1/all\JPMORGAN CHASE & CO20130228_10-K_edgar_data_19617_0000019617-13-000221_1.txt,1270450,169480,0.330613006,0.147250609
D:/CHX/fall2020/NLP/HW/1/all\JPMORGAN CHASE & CO20140220_10-K_edgar_data_19617_0000019617-14-000289_1.txt,1159437,150505,0.295079973,0.13419858
D:/CHX/fall2020/NLP/HW/1/all\JPMORGAN CHASE & CO20150224_10-K_edgar_data_19617_0000019617-15-000272_1.txt,1026045,137596,0.297881234,0.135818083
D:/CHX/fall2020/NLP/HW/1/all\JPMORGAN CHASE & CO20160223_10-K_edgar_data_19617_0000019617-16-000902_1.txt,1229397,167216,0.30791681,0.145056358
D:/CHX/fall2020/NLP/HW/1/all\JPMORGAN CHASE & CO20170228_10-K_edgar_data_19617_0000019617-17-000314_1.txt,1223266,165929,0.298724375,0.144574681
D:/CHX/fall2020/NLP/HW/1/all\JPMORGAN CHASE & CO20180227_10-K_edgar_data_19617_0000019617-18-000057_1.txt,1232566,165388,0.316872052,0.152979866
D:/CHX/fall2020/NLP/HW/1/all\ko20190221_10-K_edgar_data_21344_0000021344-19-000014_1.txt,709432,94520,0.202543046,0.112948508
D:/CHX/fall2020/NLP/HW/1/all\mcd20190222_10-K_edgar_data_63908_0000063908-19-000010_1.txt,260507,32679,0.181346703,0.092742019
D:/CHX/fall2020/NLP/HW/1/all\MCDONALD'S CORP20100226_10-K_edgar_data_63908_0001193125-10-042025_1.txt,259790,33134,0.152696473,0.079116302
D:/CHX/fall2020/NLP/HW/1/all\MCDONALD'S CORP20110225_10-K_edgar_data_63908_0001193125-11-046701_1.txt,259395,33618,0.152857073,0.073838748
D:/CHX/fall2020/NLP/HW/1/all\MCDONALD'S CORP20120224_10-K_edgar_data_63908_0001193125-12-077317_1.txt,280651,37040,0.184879397,0.082546674
D:/CHX/fall2020/NLP/HW/1/all\MCDONALD'S CORP20130225_10-K_edgar_data_63908_0000063908-13-000010_1.txt,227735,29150,0.140790245,0.0750715
D:/CHX/fall2020/NLP/HW/1/all\MCDONALD'S CORP20140224_10-K_edgar_data_63908_0000063908-14-000019_1.txt,239961,30731,0.143413861,0.080621978
D:/CHX/fall2020/NLP/HW/1/all\MCDONALD'S CORP20150224_10-K_edgar_data_63908_0000063908-15-000016_1.txt,238802,30666,0.199932082,0.103345696
D:/CHX/fall2020/NLP/HW/1/all\MCDONALD'S CORP20160225_10-K_edgar_data_63908_0000063908-16-000103_1.txt,243334,31340,0.183729415,0.089092969
D:/CHX/fall2020/NLP/HW/1/all\MCDONALD'S CORP20170301_10-K_edgar_data_63908_0000063908-17-000017_1.txt,318995,41779,0.169309075,0.100625915
D:/CHX/fall2020/NLP/HW/1/all\MCDONALD'S CORP20180223_10-K_edgar_data_63908_0000063908-18-000010_1.txt,21773,2422,0.049342223,0.031717827
D:/CHX/fall2020/NLP/HW/1/all\MERCK & CO20100301_10-K_edgar_data_310158_0000950123-10-018679_1.txt,1330086,170959,0.293709791,0.134855299
D:/CHX/fall2020/NLP/HW/1/all\MERCK & CO20110228_10-K_edgar_data_310158_0000950123-11-019286_1.txt,995691,127018,0.234662849,0.119896579
D:/CHX/fall2020/NLP/HW/1/all\MERCK & CO20120228_10-K_edgar_data_310158_0001193125-12-084319_1.txt,1213158,159893,0.246651412,0.110898801
D:/CHX/fall2020/NLP/HW/1/all\MERCK & CO20130228_10-K_edgar_data_310158_0001193125-13-084618_1.txt,764363,97681,0.281465475,0.140806215
D:/CHX/fall2020/NLP/HW/1/all\MERCK & CO20140227_10-K_edgar_data_310158_0000310158-14-000009_1.txt,610226,77667,0.269340633,0.1436827
D:/CHX/fall2020/NLP/HW/1/all\MERCK & CO20150227_10-K_edgar_data_310158_0000310158-15-000005_1.txt,766734,98823,0.29993401,0.152738402
D:/CHX/fall2020/NLP/HW/1/all\MERCK & CO20160226_10-K_edgar_data_310158_0000310158-16-000063_1.txt,657537,83870,0.295890952,0.16506033
D:/CHX/fall2020/NLP/HW/1/all\MERCK & CO20170228_10-K_edgar_data_310158_0000310158-17-000010_1.txt,765164,99760,0.281006532,0.153703485
D:/CHX/fall2020/NLP/HW/1/all\MERCK & CO20180227_10-K_edgar_data_310158_0000310158-18-000005_1.txt,612189,77579,0.265134949,0.166617409
D:/CHX/fall2020/NLP/HW/1/all\MICROSOFT CORP20100730_10-K_edgar_data_789019_0001193125-10-171791_1.txt,390648,52571,0.230062382,0.141061879
D:/CHX/fall2020/NLP/HW/1/all\MICROSOFT CORP20110728_10-K_edgar_data_789019_0001193125-11-200680_1.txt,328782,43771,0.204884235,0.130652905
D:/CHX/fall2020/NLP/HW/1/all\MICROSOFT CORP20120726_10-K_edgar_data_789019_0001193125-12-316848_1.txt,323669,42871,0.202976749,0.125355895
D:/CHX/fall2020/NLP/HW/1/all\MICROSOFT CORP20130730_10-K_edgar_data_789019_0001193125-13-310206_1.txt,330185,43524,0.263627389,0.143332502
D:/CHX/fall2020/NLP/HW/1/all\MICROSOFT CORP20140731_10-K_edgar_data_789019_0001193125-14-289961_1.txt,363612,48530,0.208957049,0.107082341
D:/CHX/fall2020/NLP/HW/1/all\MICROSOFT CORP20150731_10-K_edgar_data_789019_0001193125-15-272806_1.txt,387180,51993,0.230723854,0.115431267
D:/CHX/fall2020/NLP/HW/1/all\MICROSOFT CORP20160728_10-K_edgar_data_789019_0001193125-16-662209_1.txt,368496,49712,0.233002641,0.111723183
D:/CHX/fall2020/NLP/HW/1/all\MICROSOFT CORP20170802_10-K_edgar_data_789019_0001564590-17-014900_1.txt,334505,45052,0.238325103,0.11712717
D:/CHX/fall2020/NLP/HW/1/all\MICROSOFT CORP20180803_10-K_edgar_data_789019_0001564590-18-019062_1.txt,371236,50179,0.264375019,0.132794396
D:/CHX/fall2020/NLP/HW/1/all\mmm20190207_10-K_edgar_data_66740_0001558370-19-000470_1.txt,505825,64287,0.252279015,0.144454049
D:/CHX/fall2020/NLP/HW/1/all\MONDELEZ INTERNATIONAL INC20100225_10-K_edgar_data_1103982_0001193125-10-040106_1.txt,521909,68201,0.209505261,0.097568342
D:/CHX/fall2020/NLP/HW/1/all\MONDELEZ INTERNATIONAL INC20110228_10-K_edgar_data_1103982_0001193125-11-048979_1.txt,576775,75154,0.209302789,0.113642231
D:/CHX/fall2020/NLP/HW/1/all\MONDELEZ INTERNATIONAL INC20120227_10-K_edgar_data_1103982_0001193125-12-080318_1.txt,373808,45753,0.204176608,0.104334019
D:/CHX/fall2020/NLP/HW/1/all\MONDELEZ INTERNATIONAL INC20130225_10-K_edgar_data_1103982_0001193125-13-073227_1.txt,1775075,241702,0.241376559,0.102591907
D:/CHX/fall2020/NLP/HW/1/all\MONDELEZ INTERNATIONAL INC20140303_10-K_edgar_data_1103982_0001193125-14-079175_1.txt,738930,99602,0.202902847,0.123952912
D:/CHX/fall2020/NLP/HW/1/all\MONDELEZ INTERNATIONAL INC20150220_10-K_edgar_data_1103982_0001193125-15-055355_1.txt,627217,85468,0.211731542,0.109362518
D:/CHX/fall2020/NLP/HW/1/all\MONDELEZ INTERNATIONAL INC20160219_10-K_edgar_data_1103982_0001193125-16-469394_1.txt,425105,53745,0.244724516,0.116447802
D:/CHX/fall2020/NLP/HW/1/all\MONDELEZ INTERNATIONAL INC20170224_10-K_edgar_data_1103982_0001193125-17-055858_1.txt,1153247,161443,0.219065359,0.130632378
D:/CHX/fall2020/NLP/HW/1/all\MONDELEZ INTERNATIONAL INC20180209_10-K_edgar_data_1103982_0001193125-18-037332_1.txt,696536,92018,0.239314956,0.119984359
D:/CHX/fall2020/NLP/HW/1/all\mrk20190227_10-K_edgar_data_310158_0000310158-19-000014_1.txt,587039,74034,0.250116104,0.182189995
D:/CHX/fall2020/NLP/HW/1/all\msft20190801_10-K_edgar_data_789019_0001564590-19-027952_1.txt,330162,42697,0.25820551,0.131070539
D:/CHX/fall2020/NLP/HW/1/all\NIKE INC  -CL B20100720_10-K_edgar_data_320187_0001193125-10-161874_1.txt,427768,57724,0.1758112,0.105998417
D:/CHX/fall2020/NLP/HW/1/all\NIKE INC  -CL B20110722_10-K_edgar_data_320187_0001193125-11-194791_1.txt,314134,41006,0.184760118,0.111647229
D:/CHX/fall2020/NLP/HW/1/all\NIKE INC  -CL B20120724_10-K_edgar_data_320187_0001193125-12-312306_1.txt,541939,74847,0.155621347,0.087822205
D:/CHX/fall2020/NLP/HW/1/all\NIKE INC  -CL B20130723_10-K_edgar_data_320187_0000320187-13-000092_1.txt,653556,90031,0.171325756,0.091920781
D:/CHX/fall2020/NLP/HW/1/all\NIKE INC  -CL B20140725_10-K_edgar_data_320187_0000320187-14-000097_1.txt,434240,58737,0.20357836,0.116901718
D:/CHX/fall2020/NLP/HW/1/all\NIKE INC  -CL B20150723_10-K_edgar_data_320187_0000320187-15-000113_1.txt,665477,90914,0.16782546,0.089882658
D:/CHX/fall2020/NLP/HW/1/all\NIKE INC  -CL B20160721_10-K_edgar_data_320187_0000320187-16-000336_1.txt,375282,49760,0.206782049,0.133045064
D:/CHX/fall2020/NLP/HW/1/all\NIKE INC  -CL B20170720_10-K_edgar_data_320187_0000320187-17-000090_1.txt,373266,49358,0.217427794,0.134065941
D:/CHX/fall2020/NLP/HW/1/all\NIKE INC  -CL B20180725_10-K_edgar_data_320187_0000320187-18-000142_1.txt,372641,49044,0.215184795,0.13249648
D:/CHX/fall2020/NLP/HW/1/all\nke20190723_10-K_edgar_data_320187_0000320187-19-000051_1.txt,351729,46121,0.218645495,0.129034529
D:/CHX/fall2020/NLP/HW/1/all\pfe20190228_10-K_edgar_data_78003_0000078003-19-000015_1.txt,243374,32265,0.363326087,0.172589967
D:/CHX/fall2020/NLP/HW/1/all\PFIZER INC20100226_10-K_edgar_data_78003_0001193125-10-042425_1.txt,699568,88696,0.254958832,0.152790549
D:/CHX/fall2020/NLP/HW/1/all\PFIZER INC20110228_10-K_edgar_data_78003_0001193125-11-048877_1.txt,724669,90471,0.263293842,0.160446978
D:/CHX/fall2020/NLP/HW/1/all\PFIZER INC20120228_10-K_edgar_data_78003_0001193125-12-085703_1.txt,1127714,148678,0.256020643,0.15529851
D:/CHX/fall2020/NLP/HW/1/all\PFIZER INC20130228_10-K_edgar_data_78003_0000078003-13-000006_1.txt,970187,124053,0.275003735,0.160799448
D:/CHX/fall2020/NLP/HW/1/all\PFIZER INC20140228_10-K_edgar_data_78003_0000078003-14-000018_1.txt,916550,115672,0.274672118,0.148331686
D:/CHX/fall2020/NLP/HW/1/all\PFIZER INC20150227_10-K_edgar_data_78003_0000078003-15-000014_1.txt,744520,91974,0.275251247,0.151352116
D:/CHX/fall2020/NLP/HW/1/all\PFIZER INC20160229_10-K_edgar_data_78003_0000078003-16-000077_1.txt,911752,112741,0.261137029,0.141934446
D:/CHX/fall2020/NLP/HW/1/all\PFIZER INC20170223_10-K_edgar_data_78003_0000078003-17-000014_1.txt,933736,115724,0.25354379,0.139263292
D:/CHX/fall2020/NLP/HW/1/all\PFIZER INC20180222_10-K_edgar_data_78003_0000078003-18-000027_1.txt,1161002,147702,0.231766789,0.133774077
D:/CHX/fall2020/NLP/HW/1/all\pg20190806_10-K_edgar_data_80424_0000080424-19-000050_1.txt,326046,42343,0.19278443,0.118332533
D:/CHX/fall2020/NLP/HW/1/all\PROCTER & GAMBLE CO20100813_10-K_edgar_data_80424_0001193125-10-188769_1.txt,385967,50030,0.187214448,0.09714463
D:/CHX/fall2020/NLP/HW/1/all\PROCTER & GAMBLE CO20110810_10-K_edgar_data_80424_0000080424-11-000014_1.txt,347959,45874,0.182265406,0.10284286
D:/CHX/fall2020/NLP/HW/1/all\PROCTER & GAMBLE CO20120808_10-K_edgar_data_80424_0000080424-12-000063_1.txt,555589,75435,0.197443294,0.10220735
D:/CHX/fall2020/NLP/HW/1/all\PROCTER & GAMBLE CO20130808_10-K_edgar_data_80424_0000080424-13-000063_1.txt,463366,62193,0.164498325,0.096428228
D:/CHX/fall2020/NLP/HW/1/all\PROCTER & GAMBLE CO20140808_10-K_edgar_data_80424_0000080424-14-000057_1.txt,296213,38072,0.180416838,0.099713426
D:/CHX/fall2020/NLP/HW/1/all\PROCTER & GAMBLE CO20150807_10-K_edgar_data_80424_0000080424-15-000070_1.txt,1260926,175619,0.213728155,0.09319718
D:/CHX/fall2020/NLP/HW/1/all\PROCTER & GAMBLE CO20160809_10-K_edgar_data_80424_0000080424-16-000212_1.txt,680239,93355,0.164457925,0.094579007
D:/CHX/fall2020/NLP/HW/1/all\PROCTER & GAMBLE CO20170807_10-K_edgar_data_80424_0000080424-17-000047_1.txt,712986,99053,0.182246899,0.097524717
D:/CHX/fall2020/NLP/HW/1/all\PROCTER & GAMBLE CO20180807_10-K_edgar_data_80424_0000080424-18-000055_1.txt,509493,72288,0.122150194,0.079672968
D:/CHX/fall2020/NLP/HW/1/all\RAYTHEON TECHNOLOGIES CORP20100211_10-K_edgar_data_101829_0001193125-10-027861_1.txt,562664,73735,0.189774945,0.096578886
D:/CHX/fall2020/NLP/HW/1/all\RAYTHEON TECHNOLOGIES CORP20110210_10-K_edgar_data_101829_0001193125-11-029695_1.txt,447130,57494,0.238377921,0.101793593
D:/CHX/fall2020/NLP/HW/1/all\RAYTHEON TECHNOLOGIES CORP20120209_10-K_edgar_data_101829_0001193125-12-047752_1.txt,709423,95385,0.210801988,0.097630181
D:/CHX/fall2020/NLP/HW/1/all\RAYTHEON TECHNOLOGIES CORP20130207_10-K_edgar_data_101829_0001193125-13-042195_1.txt,502038,64431,0.240185388,0.096574727
D:/CHX/fall2020/NLP/HW/1/all\RAYTHEON TECHNOLOGIES CORP20140206_10-K_edgar_data_101829_0000101829-14-000006_1.txt,445761,56079,0.211608426,0.087023417
D:/CHX/fall2020/NLP/HW/1/all\RAYTHEON TECHNOLOGIES CORP20150205_10-K_edgar_data_101829_0000101829-15-000005_1.txt,590963,78224,0.217348423,0.095293393
D:/CHX/fall2020/NLP/HW/1/all\RAYTHEON TECHNOLOGIES CORP20160211_10-K_edgar_data_101829_0000101829-16-000050_1.txt,541753,71117,0.231386457,0.093044756
D:/CHX/fall2020/NLP/HW/1/all\RAYTHEON TECHNOLOGIES CORP20170209_10-K_edgar_data_101829_0000101829-17-000007_1.txt,529893,69209,0.200736542,0.097166193
D:/CHX/fall2020/NLP/HW/1/all\RAYTHEON TECHNOLOGIES CORP20180209_10-K_edgar_data_101829_0000101829-18-000005_1.txt,463211,59602,0.198263978,0.093823692
D:/CHX/fall2020/NLP/HW/1/all\rtx20190207_10-K_edgar_data_101829_0000101829-19-000007_1.txt,144288,18682,0.331135491,0.141220909
D:/CHX/fall2020/NLP/HW/1/all\TRAVELERS COS INC20100218_10-K_edgar_data_86312_0001047469-10-000972_1.txt,1056541,142901,0.412065961,0.244653868
D:/CHX/fall2020/NLP/HW/1/all\TRAVELERS COS INC20110217_10-K_edgar_data_86312_0001047469-11-001001_1.txt,962876,129638,0.428113312,0.25977261
D:/CHX/fall2020/NLP/HW/1/all\TRAVELERS COS INC20120216_10-K_edgar_data_86312_0001047469-12-001096_1.txt,961157,128971,0.434307979,0.265638275
D:/CHX/fall2020/NLP/HW/1/all\TRAVELERS COS INC20130219_10-K_edgar_data_86312_0001047469-13-001211_1.txt,1024112,136918,0.41150263,0.253619091
D:/CHX/fall2020/NLP/HW/1/all\TRAVELERS COS INC20140213_10-K_edgar_data_86312_0001047469-14-000854_1.txt,1118852,150290,0.381618156,0.238986873
D:/CHX/fall2020/NLP/HW/1/all\TRAVELERS COS INC20150212_10-K_edgar_data_86312_0001047469-15-000743_1.txt,1226429,165748,0.365376647,0.222657422
D:/CHX/fall2020/NLP/HW/1/all\TRAVELERS COS INC20160211_10-K_edgar_data_86312_0001047469-16-010107_1.txt,1283840,173619,0.344675501,0.218375971
D:/CHX/fall2020/NLP/HW/1/all\TRAVELERS COS INC20170216_10-K_edgar_data_86312_0001047469-17-000695_1.txt,1637235,224054,0.332684843,0.203443549
D:/CHX/fall2020/NLP/HW/1/all\TRAVELERS COS INC20180215_10-K_edgar_data_86312_0001047469-18-000812_1.txt,1072097,144016,0.386380811,0.243976052
D:/CHX/fall2020/NLP/HW/1/all\trv20190214_10-K_edgar_data_86312_0000086312-19-000009_1.txt,865954,112367,0.438243711,0.279311064
D:/CHX/fall2020/NLP/HW/1/all\unh20190212_10-K_edgar_data_731766_0000731766-19-000005_1.txt,319412,39812,0.22296622,0.099348281
D:/CHX/fall2020/NLP/HW/1/all\UNITEDHEALTH GROUP INC20100210_10-K_edgar_data_731766_0001193125-10-027229_1.txt,394143,49432,0.192068925,0.085101507
D:/CHX/fall2020/NLP/HW/1/all\UNITEDHEALTH GROUP INC20110210_10-K_edgar_data_731766_0001193125-11-030615_1.txt,457435,58125,0.217426248,0.102677172
D:/CHX/fall2020/NLP/HW/1/all\UNITEDHEALTH GROUP INC20120209_10-K_edgar_data_731766_0000731766-12-000009_1.txt,434279,53785,0.196413269,0.098597802
D:/CHX/fall2020/NLP/HW/1/all\UNITEDHEALTH GROUP INC20130207_10-K_edgar_data_731766_0000731766-13-000005_1.txt,557813,69702,0.207744475,0.102319635
D:/CHX/fall2020/NLP/HW/1/all\UNITEDHEALTH GROUP INC20140212_10-K_edgar_data_731766_0000731766-14-000008_1.txt,503730,64871,0.210080167,0.096468626
D:/CHX/fall2020/NLP/HW/1/all\UNITEDHEALTH GROUP INC20150210_10-K_edgar_data_731766_0000731766-15-000007_1.txt,446437,56426,0.213397819,0.096302365
D:/CHX/fall2020/NLP/HW/1/all\UNITEDHEALTH GROUP INC20160209_10-K_edgar_data_731766_0000731766-16-000058_1.txt,421969,51422,0.207508106,0.08882645
D:/CHX/fall2020/NLP/HW/1/all\UNITEDHEALTH GROUP INC20170208_10-K_edgar_data_731766_0000731766-17-000009_1.txt,374743,45037,0.212937428,0.08891546
D:/CHX/fall2020/NLP/HW/1/all\UNITEDHEALTH GROUP INC20180213_10-K_edgar_data_731766_0000731766-18-000005_1.txt,381971,44906,0.244249152,0.094888859
D:/CHX/fall2020/NLP/HW/1/all\v20191114_10-K_edgar_data_1403161_0001403161-19-000050_1.txt,416438,53805,0.250361252,0.116876024
D:/CHX/fall2020/NLP/HW/1/all\VERIZON COMMUNICATIONS INC20100226_10-K_edgar_data_732712_0001193125-10-041685_1.txt,461403,61336,0.155413784,0.084390183
D:/CHX/fall2020/NLP/HW/1/all\VERIZON COMMUNICATIONS INC20110228_10-K_edgar_data_732712_0001193125-11-049476_1.txt,494161,65978,0.14001297,0.073691995
D:/CHX/fall2020/NLP/HW/1/all\VERIZON COMMUNICATIONS INC20120224_10-K_edgar_data_732712_0001193125-12-077846_1.txt,372061,49300,0.156384063,0.083050998
D:/CHX/fall2020/NLP/HW/1/all\VERIZON COMMUNICATIONS INC20130226_10-K_edgar_data_732712_0001193125-13-075713_1.txt,381351,50321,0.143226417,0.079017418
D:/CHX/fall2020/NLP/HW/1/all\VERIZON COMMUNICATIONS INC20140227_10-K_edgar_data_732712_0001193125-14-073266_1.txt,559162,74371,0.121637307,0.068904884
D:/CHX/fall2020/NLP/HW/1/all\VERIZON COMMUNICATIONS INC20150223_10-K_edgar_data_732712_0001193125-15-057710_1.txt,775046,106775,0.240184081,0.106671217
D:/CHX/fall2020/NLP/HW/1/all\VERIZON COMMUNICATIONS INC20160223_10-K_edgar_data_732712_0001193125-16-473367_1.txt,443062,59004,0.123077329,0.076460791
D:/CHX/fall2020/NLP/HW/1/all\VERIZON COMMUNICATIONS INC20170221_10-K_edgar_data_732712_0001193125-17-050292_1.txt,473933,63395,0.130430211,0.074914289
D:/CHX/fall2020/NLP/HW/1/all\VERIZON COMMUNICATIONS INC20180223_10-K_edgar_data_732712_0000732712-18-000009_1.txt,641651,86943,0.15480418,0.093108118
D:/CHX/fall2020/NLP/HW/1/all\VISA INC20101119_10-K_edgar_data_1403161_0001193125-10-265236_1.txt,611784,84265,0.237595485,0.138333391
D:/CHX/fall2020/NLP/HW/1/all\VISA INC20111118_10-K_edgar_data_1403161_0001193125-11-315956_1.txt,624301,85956,0.235592662,0.138513578
D:/CHX/fall2020/NLP/HW/1/all\VISA INC20121116_10-K_edgar_data_1403161_0001384108-12-000011_1.txt,428039,56804,0.273590587,0.138261969
D:/CHX/fall2020/NLP/HW/1/all\VISA INC20131122_10-K_edgar_data_1403161_0001403161-13-000011_1.txt,381843,50681,0.281780572,0.133526883
D:/CHX/fall2020/NLP/HW/1/all\VISA INC20141121_10-K_edgar_data_1403161_0001403161-14-000017_1.txt,1040159,147808,0.22925674,0.132724028
D:/CHX/fall2020/NLP/HW/1/all\VISA INC20151120_10-K_edgar_data_1403161_0001403161-15-000013_1.txt,586525,79401,0.246106143,0.118197611
D:/CHX/fall2020/NLP/HW/1/all\VISA INC20161115_10-K_edgar_data_1403161_0001403161-16-000058_1.txt,479523,63845,0.260458362,0.131571311
D:/CHX/fall2020/NLP/HW/1/all\VISA INC20171117_10-K_edgar_data_1403161_0001403161-17-000044_1.txt,402066,52800,0.255728439,0.12634428
D:/CHX/fall2020/NLP/HW/1/all\VISA INC20181116_10-K_edgar_data_1403161_0001403161-18-000055_1.txt,389959,51374,0.245641166,0.120337474
D:/CHX/fall2020/NLP/HW/1/all\vz20190215_10-K_edgar_data_732712_0000732712-19-000012_1.txt,135884,18139,0.148846593,0.108611208
D:/CHX/fall2020/NLP/HW/1/all\WALGREENS BOOTS ALLIANCE INC20151028_10-K_edgar_data_1618921_0001140361-15-038791_1.txt,1037764,146388,0.216381424,0.120997564
D:/CHX/fall2020/NLP/HW/1/all\WALGREENS BOOTS ALLIANCE INC20161020_10-K_edgar_data_1618921_0001140361-16-083198_1.txt,645197,89206,0.239056124,0.133159493
D:/CHX/fall2020/NLP/HW/1/all\WALGREENS BOOTS ALLIANCE INC20171025_10-K_edgar_data_1618921_0001618921-17-000069_1.txt,679615,91105,0.240613821,0.140903723
D:/CHX/fall2020/NLP/HW/1/all\WALGREENS BOOTS ALLIANCE INC20181011_10-K_edgar_data_1618921_0001628280-18-012472_1.txt,508900,67869,0.252765341,0.148694198
D:/CHX/fall2020/NLP/HW/1/all\WALMART INC20100330_10-K_edgar_data_104169_0001193125-10-071652_1.txt,497672,67696,0.212492306,0.119927856
D:/CHX/fall2020/NLP/HW/1/all\WALMART INC20110330_10-K_edgar_data_104169_0001193125-11-083157_1.txt,464083,63865,0.189362203,0.096970149
D:/CHX/fall2020/NLP/HW/1/all\WALMART INC20120327_10-K_edgar_data_104169_0001193125-12-134679_1.txt,294692,39152,0.187914414,0.093562332
D:/CHX/fall2020/NLP/HW/1/all\WALMART INC20130326_10-K_edgar_data_104169_0000104169-13-000011_1.txt,317882,42034,0.233175211,0.108381324
D:/CHX/fall2020/NLP/HW/1/all\WALMART INC20140321_10-K_edgar_data_104169_0000104169-14-000019_1.txt,482659,65657,0.228068369,0.115117498
D:/CHX/fall2020/NLP/HW/1/all\WALMART INC20150401_10-K_edgar_data_104169_0000104169-15-000011_1.txt,392454,52229,0.205954994,0.101131163
D:/CHX/fall2020/NLP/HW/1/all\WALMART INC20160330_10-K_edgar_data_104169_0000104169-16-000079_1.txt,790059,109544,0.193924591,0.112109405
D:/CHX/fall2020/NLP/HW/1/all\WALMART INC20170330_10-K_edgar_data_1399529_0001193125-17-104169_1.txt,453405,62949,0.340576988,0.21648589
D:/CHX/fall2020/NLP/HW/1/all\WALMART INC20170331_10-K_edgar_data_104169_0000104169-17-000021_1.txt,620441,85126,0.199747057,0.113166549
D:/CHX/fall2020/NLP/HW/1/all\WALMART INC20180330_10-K_edgar_data_104169_0000104169-18-000028_1.txt,926093,127492,0.186010256,0.107973585
D:/CHX/fall2020/NLP/HW/1/all\wba20191028_10-K_edgar_data_1618921_0001618921-19-000069_1.txt,489822,63615,0.241464306,0.142741952
D:/CHX/fall2020/NLP/HW/1/all\wmt20190328_10-K_edgar_data_104169_0000104169-19-000016_1.txt,356108,46115,0.217258701,0.115792775
D:/CHX/fall2020/NLP/HW/1/all\xom20190227_10-K_edgar_data_34088_0000034088-19-000010_1.txt,375149,45373,0.165029665,0.120026829
